# GlassGlobe countries, Natural Earth 1:110m admin_0 (public domain)
Fiji	-17.83,177.98	-16.07,180.00 -16.56,180.00 -16.80,179.36 -17.01,178.73 -16.64,178.60 -16.43,179.10 -16.38,179.41
Fiji	-17.83,177.98	-17.50,178.13 -17.34,178.37 -17.63,178.72 -18.15,178.55 -18.29,177.93 -18.16,177.38 -17.72,177.29 -17.38,177.67
Fiji	-17.83,177.98	-16.02,-179.79 -16.50,-179.92 -16.56,-180.00 -16.07,-180.00
Tanzania	-6.05,34.96	-0.95,33.90 -1.06,34.07 -3.10,37.70 -3.68,37.77 -4.68,39.20 -5.91,38.74 -6.48,38.80 -6.84,39.44 -7.10,39.47 -7.70,39.19 -8.01,39.25 -8.49,39.19 -9.11,39.54 -10.10,39.95 -10.32,40.32 -10.32,40.32 -10.90,39.52 -11.29,38.43 -11.27,37.83 -11.57,37.47 -11.59,36.78 -11.72,36.51 -11.44,35.31 -11.52,34.56 -10.16,34.28 -9.69,33.94 -9.42,33.74 -9.23,32.76 -8.93,32.19 -8.76,31.56 -8.59,31.16 -8.34,30.74 -8.34,30.74 -7.08,30.20 -6.52,29.62 -5.94,29.42 -5.42,29.52 -4.50,29.34 -4.45,29.75 -4.09,30.12 -3.57,30.51 -3.36,30.75 -3.03,30.74 -2.81,30.53 -2.41,30.47 -2.41,30.47 -2.29,30.76 -1.70,30.82 -1.13,30.42 -1.01,30.77 -1.03,31.87
W. Sahara	23.97,-12.63	27.66,-8.67 27.59,-8.67 27.40,-8.68 25.88,-8.69 25.93,-11.97 23.37,-11.94 23.28,-12.87 22.77,-13.12 21.33,-12.93 21.33,-16.85 21.00,-17.06 21.42,-17.02 21.42,-17.00 21.50,-14.75 21.86,-14.63 22.31,-14.22 23.69,-13.89 24.77,-12.50 26.03,-12.03 26.10,-11.72 26.88,-11.39 26.99,-10.55 26.86,-10.19 26.86,-9.74 27.09,-9.41 27.12,-8.79 27.66,-8.82
Canada	60.32,-101.91	49.00,-122.84 49.00,-122.97 49.98,-124.91 50.42,-125.62 50.83,-127.44 51.72,-127.99 52.33,-127.85 52.76,-129.13 53.56,-129.31 54.29,-130.51 54.80,-130.54 54.80,-130.54 55.28,-129.98 55.92,-130.01 56.55,-131.71 57.69,-132.73 58.41,-133.36 58.86,-134.27 59.27,-134.94 59.79,-135.48 59.46,-136.48 58.91,-137.45 59.56,-138.34 60.00,-139.04 60.28,-140.01 60.31,-141.00 66.00,-140.99 69.71,-140.99 69.71,-140.99 69.47,-139.12 68.99,-137.55 68.90,-136.50 69.32,-135.63 69.63,-134.41 69.51,-132.93 69.94,-131.43 70.19,-129.79 69.78,-129.11 70.01,-128.36 70.48,-128.14 70.38,-127.45 69.48,-125.76 70.16,-124.42 69.40,-124.29 69.56,-123.06 69.86,-122.68 69.80,-121.47 69.38,-119.94 69.01,-117.60 68.84,-116.23 68.91,-115.25 68.40,-113.90 67.90,-115.30 67.69,-113.50 67.81,-110.80 67.98,-109.95 67.38,-108.88 67.89,-107.79 68.31,-108.81 68.65,-108.17 68.70,-106.95 68.80,-106.15 68.56,-105.34 68.02,-104.34 68.10,-103.22 67.65,-101.45 67.81,-99.90 67.78,-98.44 68.40,-98.56 68.58,-97.67 68.24,-96.12 67.29,-96.13 68.09,-95.49 68.06,-94.69 69.07,-94.23 69.69,-95.30 70.09,-96.47 71.19,-96.39 71.92,-95.21 71.76,-93.89 71.32,-92.88 70.19,-91.52 69.70,-92.41 69.50,-90.55 68.47,-90.55 69.26,-89.22 68.62,-88.02 67.87,-88.32 67.20,-87.35 67.92,-86.31 68.78,-85.58 69.88,-85.52 69.81,-84.10 69.66,-82.62 69.16,-81.28 68.67,-81.22 68.13,-81.96 67.60,-81.26 67.11,-81.39 66.41,-83.34 66.26,-84.74 66.56,-85.77 66.06,-86.07 65.21,-87.03 64.78,-87.32 64.10,-88.48 64.03,-89.91 63.61,-90.70 62.96,-90.77 62.84,-91.93 62.02,-93.16 60.90,-94.24 60.11,-94.63 58.95,-94.68 58.78,-93.22 57.85,-92.76 57.09,-92.30 57.28,-90.90 56.85,-89.04 56.47,-88.04 56.00,-87.32 55.72,-86.07 55.30,-85.01 55.24,-83.36 55.15,-82.27 54.28,-82.44 53.28,-82.13 52.16,-81.40 51.21,-79.91 51.53,-79.14 52.56,-78.60 54.14,-79.12 54.67,-79.83 55.14,-78.23 55.84,-77.10 56.53,-76.54 57.20,-76.62 58.05,-77.30 58.80,-78.52 59.85,-77.34 60.76,-77.77 62.32,-78.11 62.55,-77.41 62.28,-75.70 62.18,-74.67 62.44,-73.84 62.11,-72.91 61.53,-71.68 61.14,-71.37 61.06,-69.59 60.22,-69.62 58.96,-69.29 58.80,-68.37 58.21,-67.65 58.77,-66.20 59.87,-65.25 60.34,-64.58 59.44,-63.80 58.17,-62.50 56.97,-61.40 56.34,-61.80 55.78,-60.47 55.20,-59.57 54.95,-57.98 54.63,-57.33 53.78,-56.94 53.65,-56.16 53.27,-55.76 52.15,-55.68 51.77,-56.41 51.42,-57.13 51.06,-58.77 50.24,-60.03 50.08,-61.72 50.29,-63.86 50.30,-65.36 50.23,-66.40 49.51,-67.24 49.07,-68.51 47.74,-69.95 46.82,-71.10 46.99,-70.26 48.30,-68.65 49.13,-66.55 49.23,-65.06 48.74,-64.17 48.07,-65.12 46.99,-64.80 46.24,-64.47 45.74,-63.17 45.88,-61.52 47.01,-60.52 46.28,-60.45 45.92,-59.80 45.27,-61.04 44.67,-63.25 44.27,-64.25 43.55,-65.36 43.62,-66.12 44.47,-66.16 45.29,-64.43 45.26,-66.03 45.14,-67.14 45.70,-67.79 47.07,-67.79 47.35,-68.23 47.19,-68.91 47.45,-69.24 46.69,-70.00 45.91,-70.31 45.46,-70.66 45.31,-71.08 45.26,-71.41 45.01,-71.51 45.01,-73.35 45.00,-74.87 44.82,-75.32 44.10,-76.38 44.02,-76.50 43.63,-76.82 43.63,-77.74 43.63,-78.72 43.47,-79.17 43.27,-79.01 42.97,-78.92 42.86,-78.94 42.37,-80.25 42.21,-81.28 41.68,-82.44 41.68,-82.69 41.83,-83.03 41.98,-83.14 42.08,-83.12 42.43,-82.90 42.98,-82.43 43.57,-82.14 44.44,-82.34 45.35,-82.55 45.82,-83.59 45.99,-83.47 46.12,-83.62 46.12,-83.89 46.28,-84.09 46.51,-84.14 46.41,-84.34 46.44,-84.60 46.54,-84.54 46.64,-84.78 46.90,-84.88 47.22,-85.65 47.55,-86.46 47.94,-87.44 48.30,-88.38 48.02,-89.27 48.01,-89.60 48.27,-90.83 48.14,-91.64 48.45,-92.61 48.61,-93.63 48.67,-94.33 48.84,-94.64 49.39,-94.82 49.38,-95.16 49.00,-95.16 49.00,-97.23 49.00,-100.65 49.00,-104.05 49.00,-107.05 49.00,-110.05 49.00,-113.00 49.00,-116.05 49.00,-117.03 49.00,-120.00
Canada	60.32,-101.91	62.45,-83.99 62.91,-83.25 62.90,-81.88 62.71,-81.90 62.16,-83.07 62.18,-83.77
Canada	60.32,-101.91	72.80,-79.78 73.33,-80.88 73.69,-80.83 73.76,-80.35 73.65,-78.06 73.10,-76.34 72.83,-76.25 72.86,-77.31 72.88,-78.39 72.74,-79.49
Canada	60.32,-101.91	62.09,-80.32 62.39,-79.93 62.36,-79.52 62.16,-79.27 61.63,-79.66 61.72,-80.10 62.02,-80.36
Canada	60.32,-101.91	74.98,-93.61 74.59,-94.16 74.67,-95.61 74.93,-96.82 75.38,-96.29 75.65,-94.85 75.30,-93.98
Canada	60.32,-101.91	77.52,-93.84 77.49,-94.30 77.56,-96.17 77.83,-96.44 77.82,-94.42 77.63,-93.72
Canada	60.32,-101.91	78.77,-96.75 78.42,-95.56 78.06,-95.83 77.85,-97.31 78.08,-98.12 78.46,-98.55 78.87,-98.63 78.83,-97.34
Canada	60.32,-101.91	74.39,-88.15 74.52,-89.76 74.84,-92.42 75.39,-92.77 75.88,-92.89 76.32,-93.89 76.44,-95.96 76.75,-97.12 77.16,-96.75 77.10,-94.68 76.78,-93.57 76.78,-91.61 76.45,-90.74 76.07,-90.97 75.85,-89.82 75.61,-89.19 75.57,-87.84 75.48,-86.38 75.70,-84.79 75.78,-82.75 75.71,-81.13 75.34,-80.06 74.92,-79.83 74.66,-80.46 74.44,-81.95 74.56,-83.23 74.41,-86.10
Canada	60.32,-101.91	78.15,-111.26 78.00,-109.85 77.70,-110.19 77.41,-112.05 77.73,-113.53 78.05,-112.72
Canada	60.32,-101.91	78.80,-110.96 78.60,-109.66 78.41,-110.88 78.41,-112.54 78.55,-112.53 78.85,-111.50
Canada	60.32,-101.91	51.32,-55.60 50.69,-56.13 49.81,-56.80 50.15,-56.14 49.94,-55.47 49.59,-55.82 49.31,-54.94 49.56,-54.47 49.25,-53.48 48.52,-53.79 48.69,-53.09 48.16,-52.96 47.54,-52.65 46.66,-53.07 46.62,-53.52 46.81,-54.18 47.63,-53.96 47.75,-54.24 46.88,-55.40 46.92,-56.00 47.39,-55.29 47.63,-56.25 47.57,-57.33 47.60,-59.27 47.90,-59.42 48.25,-58.80 48.52,-59.23 49.13,-58.39 50.72,-57.36 51.29,-56.74 51.63,-55.87 51.59,-55.41
Canada	60.32,-101.91	65.11,-83.88 64.77,-82.79 64.46,-81.64 63.98,-81.55 64.06,-80.82 63.73,-80.10 63.41,-80.99 63.65,-82.55 64.10,-83.11 63.57,-84.10 63.05,-85.52 63.64,-85.87 63.54,-87.22 64.04,-86.35 64.82,-86.22 65.74,-85.88 65.66,-85.16 65.22,-84.98 65.37,-84.46
Canada	60.32,-101.91	72.35,-78.77 72.75,-77.82 72.24,-75.61 71.77,-74.23 71.33,-74.10 71.56,-72.24 70.92,-71.20 70.53,-68.79 70.12,-67.91 69.19,-66.97 68.72,-68.81 68.07,-66.45 67.85,-64.86 66.93,-63.42 66.86,-61.85 66.16,-62.16 65.00,-63.92 65.43,-65.15 66.39,-66.72 66.26,-68.02 65.69,-68.14 65.11,-67.09 64.65,-65.73 64.38,-65.32 63.39,-64.67 62.67,-65.01 62.95,-66.28 63.75,-68.78 62.88,-67.37 62.28,-66.33 61.93,-66.17 62.33,-68.88 62.91,-71.02 63.40,-72.24 63.68,-71.89 64.19,-73.38 64.68,-74.83 64.39,-74.82 64.23,-77.71 64.57,-78.56 65.31,-77.90 65.33,-76.02 65.45,-73.96 65.81,-74.29 66.31,-73.94 67.28,-72.65 67.73,-72.93 68.07,-73.31 68.55,-74.84 68.89,-76.87 69.15,-76.23 69.77,-77.29 69.83,-78.17 70.17,-78.96 69.87,-79.49 69.74,-81.31 69.97,-84.94 70.26,-87.06 70.41,-88.68 70.76,-89.51 71.22,-88.47 71.22,-89.89 72.24,-90.21 73.13,-89.44 73.54,-88.41 73.80,-85.83 73.16,-86.56 72.53,-85.77 73.34,-84.85 73.75,-82.32 72.72,-80.60 72.06,-80.75
Canada	60.32,-101.91	74.13,-94.50 74.10,-92.42 73.86,-90.51 72.97,-92.00 72.77,-93.20 72.02,-94.27 72.06,-95.41 72.94,-96.03 73.44,-96.02 73.86,-95.50
Canada	60.32,-101.91	76.12,-122.85 76.12,-122.85 76.86,-121.16 77.51,-119.10 77.50,-117.57 77.65,-116.20 76.88,-116.34 76.53,-117.11 76.48,-118.04 76.05,-119.90 75.90,-121.50
Canada	60.32,-101.91	54.04,-132.71 54.12,-131.75 52.98,-132.05 52.18,-131.18 52.18,-131.58 52.64,-132.18 53.10,-132.55 53.41,-133.05 53.85,-133.24 54.17,-133.18
Canada	60.32,-101.91	79.30,-105.49 79.17,-103.53 78.80,-100.83 78.32,-100.06 77.91,-99.67 78.02,-101.30 78.34,-102.95 78.38,-105.18 78.68,-104.21 78.92,-105.42
Canada	60.32,-101.91	48.51,-123.51 48.37,-124.01 48.83,-125.66 49.18,-125.95 49.53,-126.85 49.81,-127.03 49.99,-128.06 50.54,-128.44 50.77,-128.36 50.55,-127.31 50.40,-126.70 50.30,-125.76 49.95,-125.42 49.48,-124.92 49.06,-123.92
Canada	60.32,-101.91	74.45,-121.54 74.24,-120.11 74.19,-117.56 73.90,-116.58 73.48,-115.51 73.22,-116.77 72.52,-119.22 71.82,-120.46 71.38,-120.46 70.90,-123.09 71.34,-123.62 71.87,-125.93 72.29,-125.50 73.02,-124.81 73.68,-123.94 74.29,-124.92
Canada	60.32,-101.91	75.85,-107.82 76.01,-106.93 75.97,-105.88 75.48,-105.70 75.01,-106.31 74.85,-109.70 74.42,-112.22 74.39,-113.74 74.72,-113.87 75.16,-111.79 75.04,-116.31 75.22,-117.71 76.20,-116.35 76.48,-115.40 76.14,-112.59 75.55,-110.81 75.47,-109.07 76.43,-110.50 76.79,-109.58 76.68,-108.55 76.20,-108.21
Canada	60.32,-101.91	73.08,-106.52 72.67,-105.40 71.70,-104.77 70.99,-104.46 70.50,-102.79 70.02,-100.98 69.58,-101.09 69.50,-102.73 69.12,-102.09 68.75,-102.43 68.91,-104.24 69.18,-105.96 69.12,-107.12 68.78,-109.00 68.63,-111.53 68.54,-113.31 69.01,-113.85 69.28,-115.22 69.17,-116.11 69.96,-117.34 70.07,-116.67 70.24,-115.13 70.19,-113.72 70.37,-112.42 70.60,-114.35 70.52,-116.49 70.54,-117.90 70.91,-118.43 71.31,-116.11 71.30,-117.66 71.56,-119.40 72.31,-118.56 72.71,-117.87 73.31,-115.19 73.12,-114.17 72.65,-114.67 72.96,-112.44 72.45,-111.05 72.96,-109.92 72.63,-109.01 71.65,-108.19 72.07,-107.69 73.09,-108.40 73.24,-107.52
Canada	60.32,-101.91	72.71,-100.44 73.36,-101.54 73.84,-100.36 73.63,-99.16 73.76,-97.38 73.47,-97.12 72.99,-98.05 72.56,-96.54 71.66,-96.72 71.27,-98.36 71.36,-99.32 71.74,-100.01 72.51,-102.50 72.83,-102.48
Canada	60.32,-101.91	73.60,-106.60 73.64,-105.26 73.42,-104.50 72.76,-105.38 73.46,-106.94
Canada	60.32,-101.91	76.72,-98.50 76.26,-97.74 75.74,-97.70 75.00,-98.16 74.90,-99.81 75.06,-100.88 75.64,-100.86 75.56,-102.50 76.34,-102.57 76.31,-101.49 76.65,-99.98 76.59,-98.58
Canada	60.32,-101.91	80.60,-96.02 80.91,-95.32 80.98,-94.30 81.21,-94.74 81.26,-92.41 80.72,-91.13 80.51,-89.45 80.32,-87.81 79.66,-87.02 79.34,-85.81 79.04,-87.19 78.29,-89.04 78.22,-90.80 78.34,-92.88 78.75,-93.95 79.11,-93.94 79.38,-93.15 79.37,-94.97 79.71,-96.08 80.16,-96.71
Canada	60.32,-101.91	81.89,-91.59 82.08,-90.10 82.12,-88.93 82.28,-86.97 82.65,-85.50 82.60,-84.26 82.32,-83.18 82.86,-82.42 83.02,-81.10 83.13,-79.31 83.17,-76.25 83.06,-75.72 83.23,-72.83 83.17,-70.67 83.11,-68.50 83.03,-65.83 82.90,-63.68 82.63,-61.85 82.36,-61.89 81.93,-64.33 81.73,-66.75 81.50,-67.66 81.51,-65.48 80.90,-67.84 80.62,-69.47 79.80,-71.18 79.63,-73.24 79.43,-73.88 79.32,-76.91 79.20,-75.53 79.02,-76.22 78.53,-75.39 78.18,-76.34 77.90,-77.89 77.51,-78.36 77.21,-79.76 76.98,-79.62 77.02,-77.91 76.78,-77.89 76.18,-80.56 76.45,-83.17 76.30,-86.11 76.42,-87.60 76.47,-89.49 76.95,-89.62 77.18,-87.77 77.90,-88.26 77.97,-87.65 77.54,-84.98 78.18,-86.34 78.37,-87.96 78.76,-87.15 79.00,-85.38 79.35,-85.09 79.74,-86.51 80.25,-86.93 80.21,-84.20 80.10,-83.41 80.46,-81.85 80.58,-84.10 80.52,-87.60 80.86,-89.37 81.26,-90.20 81.55,-91.37
Canada	60.32,-101.91	67.44,-75.22 67.15,-75.87 67.10,-76.99 67.59,-77.24 68.15,-76.81 68.29,-75.90 68.01,-75.11 67.58,-75.10
Canada	60.32,-101.91	69.49,-96.26 69.11,-95.65 68.76,-96.27 69.06,-97.62 68.95,-98.43 69.40,-99.80 69.71,-98.92 70.14,-98.22 69.86,-97.16 69.68,-96.56
Canada	60.32,-101.91	49.87,-64.52 49.96,-64.17 49.71,-62.86 49.29,-61.84 49.11,-61.81 49.09,-62.29 49.40,-63.59
Canada	60.32,-101.91	47.04,-64.01 46.55,-63.66 46.42,-62.94 46.44,-62.01 46.03,-62.50 45.97,-62.87 46.39,-64.14 46.73,-64.39
United States of America	39.54,-97.48	49.00,-122.84 49.00,-120.00 49.00,-117.03 49.00,-116.05 49.00,-113.00 49.00,-110.05 49.00,-107.05 49.00,-104.05 49.00,-100.65 49.00,-97.23 49.00,-95.16 49.38,-95.16 49.39,-94.82 48.84,-94.64 48.67,-94.33 48.61,-93.63 48.45,-92.61 48.14,-91.64 48.27,-90.83 48.01,-89.60 48.02,-89.27 48.30,-88.38 47.94,-87.44 47.55,-86.46 47.22,-85.65 46.90,-84.88 46.64,-84.78 46.54,-84.54 46.44,-84.60 46.41,-84.34 46.51,-84.14 46.28,-84.09 46.12,-83.89 46.12,-83.62 45.99,-83.47 45.82,-83.59 45.35,-82.55 44.44,-82.34 43.57,-82.14 42.98,-82.43 42.43,-82.90 42.08,-83.12 41.98,-83.14 41.83,-83.03 41.68,-82.69 41.68,-82.44 42.21,-81.28 42.37,-80.25 42.86,-78.94 42.97,-78.92 43.27,-79.01 43.47,-79.17 43.63,-78.72 43.63,-77.74 43.63,-76.82 44.02,-76.50 44.10,-76.38 44.82,-75.32 45.00,-74.87 45.01,-73.35 45.01,-71.51 45.26,-71.41 45.31,-71.08 45.46,-70.66 45.91,-70.31 46.69,-70.00 47.45,-69.24 47.19,-68.91 47.35,-68.23 47.07,-67.79 45.70,-67.79 45.14,-67.14 44.81,-66.96 44.33,-68.03 43.98,-69.06 43.68,-70.12 43.09,-70.65 42.87,-70.81 42.34,-70.83 41.80,-70.50 41.78,-70.08 42.15,-70.19 41.92,-69.88 41.64,-69.97 41.48,-70.64 41.49,-71.12 41.32,-71.86 41.27,-72.30 41.22,-72.88 40.93,-73.71 41.12,-72.24 40.93,-71.94 40.63,-73.34 40.63,-73.98 40.75,-73.95 40.47,-74.26 40.43,-73.96 39.71,-74.18 38.94,-74.91 39.20,-74.98 39.25,-75.20 39.50,-75.53 38.96,-75.32 38.78,-75.07 38.40,-75.06 38.02,-75.38 37.22,-75.94 37.26,-76.03 37.94,-75.72 38.32,-76.23 39.15,-76.35 38.72,-76.54 38.08,-76.33 38.24,-76.99 37.92,-76.30 36.97,-76.26 36.90,-75.97 36.55,-75.87 35.55,-75.73 34.81,-76.36 34.51,-77.40 33.93,-78.05 33.86,-78.55 33.49,-79.06 33.16,-79.20 32.51,-80.30 32.03,-80.86 31.44,-81.34 30.73,-81.49 30.04,-81.31 29.18,-80.98 28.47,-80.54 28.04,-80.53 26.88,-80.06 26.21,-80.09 25.82,-80.13 25.21,-80.38 25.08,-80.68 25.20,-81.17 25.64,-81.33 25.87,-81.71 26.73,-82.24 27.50,-82.71 27.89,-82.86 28.55,-82.65 29.10,-82.93 29.94,-83.71 30.09,-84.10 29.64,-85.11 29.69,-85.29 30.15,-85.77 30.40,-86.40 30.27,-87.53 30.38,-88.42 30.32,-89.18 30.16,-89.59 29.89,-89.41 29.49,-89.43 29.29,-89.22 29.16,-89.41 29.31,-89.78 29.12,-90.15 29.15,-90.88 29.68,-91.63 29.55,-92.50 29.78,-93.23 29.71,-93.85 29.48,-94.69 28.74,-95.60 28.31,-96.59 27.83,-97.14 27.38,-97.37 26.69,-97.38 26.21,-97.33 25.87,-97.14 25.84,-97.53 26.06,-98.24 26.37,-99.02 26.84,-99.30 27.54,-99.52 28.11,-100.11 28.70,-100.46 29.38,-100.96 29.78,-101.66 29.76,-102.48 28.97,-103.11 29.27,-103.94 29.57,-104.46 30.12,-104.71 30.64,-105.04 31.08,-105.63 31.40,-106.14 31.75,-106.51 31.75,-108.24 31.34,-108.24 31.34,-109.03 31.33,-111.02 32.04,-113.30 32.53,-114.81 32.72,-114.72 32.61,-115.99 32.54,-117.13 33.05,-117.30 33.62,-117.94 33.74,-118.41 34.03,-118.52 34.08,-119.08 34.35,-119.44 34.45,-120.37 34.61,-120.62 35.16,-120.74 36.16,-121.71 37.55,-122.55 37.78,-122.51 38.11,-122.95 38.95,-123.73 39.77,-123.87 40.31,-124.40 41.14,-124.18 42.00,-124.21 42.77,-124.53 43.71,-124.14 44.62,-124.02 45.52,-123.90 46.86,-124.08 47.72,-124.40 48.18,-124.69 48.38,-124.57 48.04,-123.12 47.10,-122.59 47.36,-122.34 48.18,-122.50
United States of America	39.54,-97.48	20.08,-155.40 19.99,-155.22 19.86,-155.06 19.51,-154.81 19.45,-154.83 19.24,-155.22 19.08,-155.54 18.92,-155.69 19.06,-155.94 19.34,-155.91 19.70,-156.07 19.81,-156.02 19.98,-155.85 20.17,-155.92 20.27,-155.86 20.25,-155.79
United States of America	39.54,-97.48	20.76,-156.00 20.64,-156.08 20.57,-156.41 20.78,-156.59 20.86,-156.70 20.93,-156.71 21.01,-156.61 20.92,-156.26
United States of America	39.54,-97.48	21.18,-156.76 21.07,-156.79 21.10,-157.33 21.22,-157.25
United States of America	39.54,-97.48	21.72,-158.03 21.65,-157.94 21.32,-157.65 21.26,-157.71 21.28,-157.78 21.31,-158.13 21.54,-158.25 21.58,-158.29
United States of America	39.54,-97.48	22.21,-159.37 21.98,-159.35 21.88,-159.46 22.07,-159.80 22.14,-159.75 22.24,-159.60
United States of America	39.54,-97.48	60.38,-166.47 60.29,-165.67 59.91,-165.58 59.75,-166.19 59.94,-166.85 60.21,-167.46
United States of America	39.54,-97.48	57.97,-153.23 57.90,-152.56 57.59,-152.14 57.12,-153.01 56.73,-154.01 56.99,-154.52 57.46,-154.67 57.82,-153.76
United States of America	39.54,-97.48	69.71,-140.99 69.71,-140.99 66.00,-140.99 60.31,-141.00 60.28,-140.01 60.00,-139.04 59.56,-138.34 58.91,-137.45 59.46,-136.48 59.79,-135.48 59.27,-134.94 58.86,-134.27 58.41,-133.36 57.69,-132.73 56.55,-131.71 55.92,-130.01 55.28,-129.98 54.80,-130.54 54.80,-130.54 54.80,-130.54 55.18,-131.09 55.50,-131.97 56.37,-132.25 57.18,-133.54 58.12,-134.08 58.19,-135.04 58.21,-136.63 58.50,-137.80 59.54,-139.87 59.73,-140.83 60.08,-142.57 60.00,-143.96 60.46,-145.93 60.88,-147.11 60.67,-148.22 59.98,-148.02 59.91,-148.57 59.71,-149.73 59.37,-150.61 59.16,-151.72 59.74,-151.86 60.73,-151.41 61.03,-150.35 61.28,-150.62 60.73,-151.90 60.06,-152.58 59.35,-154.02 58.86,-153.29 58.15,-154.23 57.73,-155.31 57.42,-156.31 56.98,-156.56 56.46,-158.12 55.99,-158.43 55.57,-159.60 55.64,-160.29 55.36,-161.22 55.02,-162.24 54.69,-163.07 54.40,-164.79 54.57,-164.94 55.04,-163.85 55.35,-162.87 55.89,-161.80 56.01,-160.56 56.42,-160.07 57.02,-158.68 57.22,-158.46 57.57,-157.72 58.33,-157.55 58.92,-157.04 58.62,-158.19 58.79,-158.52 58.42,-159.06 58.93,-159.71 58.57,-159.98 59.07,-160.36 58.67,-161.36 58.67,-161.97 59.27,-162.05 59.63,-161.87 59.99,-162.52 59.80,-163.82 60.27,-164.66 60.51,-165.35 61.07,-165.35 61.50,-166.12 62.07,-165.73 62.63,-164.92 63.15,-164.56 63.22,-163.75 63.06,-163.07 63.54,-162.26 63.46,-161.53 63.77,-160.77 64.22,-160.96 64.40,-161.52 64.79,-160.78 64.78,-161.39 64.56,-162.45 64.34,-162.76 64.56,-163.55 64.45,-164.96 64.69,-166.43 65.09,-166.85 65.67,-168.11 66.09,-166.71 66.58,-164.47 66.58,-163.65 66.08,-163.79 66.12,-161.68 66.74,-162.49 67.12,-163.72 67.62,-164.43 68.04,-165.39 68.36,-166.76 68.88,-166.20 68.92,-164.43 69.37,-163.17 69.86,-162.93 70.33,-161.91 70.45,-160.93 70.89,-159.04 70.82,-158.12 71.36,-156.58 71.15,-155.07 70.70,-154.34 70.89,-153.90 70.83,-152.21 70.60,-152.27 70.43,-150.74 70.53,-149.72 70.21,-147.61 70.12,-145.69 69.99,-144.92 70.15,-143.59 69.85,-142.07 69.71,-140.99
United States of America	39.54,-97.48	63.78,-171.73 63.59,-171.11 63.69,-170.49 63.43,-169.68 63.30,-168.69 63.19,-168.77 62.98,-169.53 63.19,-170.29 63.38,-170.67 63.32,-171.55 63.41,-171.79
Kazakhstan	49.05,68.69	49.21,87.36 48.55,86.60 48.46,85.77 47.45,85.72 47.00,85.16 47.33,83.18 45.54,82.46 45.32,81.95 44.92,79.97 43.18,80.87 42.92,80.18 42.35,80.26 42.50,79.64 42.86,79.14 42.96,77.66 42.99,76.00 42.88,75.64 43.30,74.21 43.09,73.65 42.50,73.49 42.85,71.84 42.70,71.19 42.27,70.96 42.08,70.39 41.38,69.07 40.67,68.63 40.66,68.26 41.14,67.99 41.17,66.71 41.99,66.51 41.99,66.02 43.00,66.10 43.73,64.90 43.65,63.19 43.50,62.01 44.41,61.06 44.78,60.24 45.50,58.69 45.59,58.50 45.00,55.93 41.31,55.97 41.26,55.46 42.04,54.76 42.32,54.08 42.12,52.94 41.78,52.50 42.03,52.45 42.44,52.69 42.79,52.50 43.13,51.34 44.03,50.89 44.28,50.34 44.61,50.31 44.51,51.28 45.25,51.32 45.41,52.17 45.26,53.04 46.23,53.22 46.85,53.04 46.80,52.04 47.05,51.19 46.61,50.03 46.40,49.10 46.56,48.59 47.08,48.69 47.74,48.06 47.72,47.32 48.39,46.47 49.15,47.04 49.36,46.75 50.45,47.55 49.87,48.58 50.61,48.70 51.69,50.77 51.72,52.33 51.03,54.53 50.62,55.72 51.04,56.78 51.06,58.36 50.55,59.64 50.84,59.93 50.80,61.34 51.27,61.59 51.96,59.97 52.45,60.93 52.72,60.74 52.98,61.70 53.66,60.98 54.01,61.44 54.35,65.18 54.60,65.67 54.97,68.17 55.39,69.07 55.17,70.87 54.13,71.18 54.38,72.22 54.04,73.51 53.49,73.43 53.55,74.38 54.49,76.89 54.18,76.53 53.40,77.80 50.86,80.04 51.39,80.57 50.81,81.95 51.07,83.38 50.89,83.94 50.31,84.42 50.12,85.12 49.69,85.54 49.83,86.83
Uzbekistan	41.69,64.01	41.31,55.97 45.00,55.93 45.59,58.50 45.50,58.69 44.78,60.24 44.41,61.06 43.50,62.01 43.65,63.19 43.73,64.90 43.00,66.10 41.99,66.02 41.99,66.51 41.17,66.71 41.14,67.99 40.66,68.26 40.67,68.63 41.38,69.07 42.08,70.39 42.27,70.96 42.17,71.26 41.52,70.42 41.14,71.16 41.39,71.87 40.87,73.06 40.15,71.77 40.24,71.01 40.22,70.60 40.50,70.46 40.96,70.67 40.73,69.33 40.09,69.01 39.53,68.54 39.58,67.70 39.14,67.44 38.90,68.18 38.16,68.39 37.14,67.83 37.36,67.08 37.36,66.52 37.97,66.55 38.40,65.22 38.89,64.17 39.36,63.52 40.05,62.37 41.08,61.88 41.27,61.55 41.22,60.47 41.43,60.08 42.22,59.98 42.75,58.63 42.17,57.79 41.83,56.93 41.32,57.10
Papua New Guinea	-5.70,143.91	-2.60,141.00 -3.29,142.74 -3.86,144.58 -4.37,145.27 -4.88,145.83 -5.47,145.98 -6.08,147.65 -6.61,147.89 -6.72,146.97 -7.39,147.19 -8.04,148.08 -9.10,148.73 -9.07,149.31 -9.51,149.27 -9.68,150.04 -9.87,149.74 -10.29,150.80 -10.58,150.69 -10.65,150.03 -10.39,149.78 -10.28,148.92 -10.13,147.91 -9.49,147.14 -8.94,146.57 -8.07,146.05 -7.63,144.74 -7.92,143.90 -8.25,143.29 -8.98,143.41 -9.33,142.63 -9.16,142.07 -9.12,141.03 -5.86,141.02
Papua New Guinea	-5.70,143.91	-3.66,152.64 -3.98,153.02 -4.50,153.14 -4.77,152.83 -4.18,152.64 -3.79,152.41 -3.46,151.95 -3.04,151.38 -2.74,150.66 -2.50,150.94 -2.78,151.48 -3.00,151.82 -3.24,152.24
Papua New Guinea	-5.70,143.91	-5.84,151.30 -6.08,150.75 -6.32,150.24 -6.32,149.71 -6.03,148.89 -5.75,148.32 -5.44,148.40 -5.58,149.30 -5.51,149.85 -5.03,150.00 -5.00,150.14 -5.53,150.24 -5.46,150.81 -5.11,151.09 -4.76,151.65 -4.17,151.54 -4.15,152.14 -4.31,152.34 -4.87,152.32 -5.48,151.98 -5.56,151.46
Papua New Guinea	-5.70,143.91	-5.34,154.76 -5.57,155.06 -6.20,155.55 -6.54,156.02 -6.82,155.88 -6.92,155.60 -6.54,155.17 -5.90,154.73 -5.14,154.51 -5.04,154.65
Indonesia	-0.95,101.89	-2.60,141.00 -5.86,141.02 -9.12,141.03 -8.30,140.14 -8.10,139.13 -8.38,138.88 -8.41,137.61 -7.60,138.04 -7.32,138.67 -6.23,138.41 -5.39,137.93 -4.55,135.99 -4.46,135.16 -3.54,133.66 -4.02,133.37 -4.11,132.98 -3.75,132.76 -3.31,132.75 -2.82,131.99 -2.46,133.07 -2.48,133.78 -2.21,133.70 -2.21,132.23 -1.62,131.84 -1.43,130.94 -0.94,130.52 -0.70,131.87 -0.37,132.38 -0.78,133.99 -1.15,134.14 -2.77,134.42 -3.37,135.46 -2.31,136.29 -1.70,137.44 -1.70,138.33 -2.05,139.18 -2.41,139.93
Indonesia	-0.95,101.89	-8.89,124.97 -9.09,125.07 -9.39,125.09 -10.14,124.44 -10.36,123.58 -10.24,123.46 -9.90,123.55 -9.29,123.98
Indonesia	-0.95,101.89	-6.90,134.21 -6.14,134.11 -5.78,134.29 -5.45,134.50 -5.74,134.73 -6.21,134.72
Indonesia	-0.95,101.89	4.14,117.88 3.23,117.31 2.29,118.05 1.83,117.88 0.90,119.00 0.78,117.81 0.10,117.48 -0.80,117.52 -1.49,116.56 -2.48,116.53 -4.01,116.15 -3.66,116.00 -4.11,114.86 -3.50,114.47 -3.44,113.76 -3.12,113.26 -3.48,112.07 -2.99,111.70 -3.05,111.05 -2.93,110.22 -1.59,110.07 -1.31,109.57 -0.46,109.09 0.42,108.95 1.34,109.07 2.01,109.66 1.34,109.83 0.77,110.51 0.98,111.16 0.90,111.80 1.41,112.38 1.50,112.86 1.22,113.81 1.43,114.62 2.82,115.13 3.17,115.52 4.31,115.87 4.31,117.02
Indonesia	-0.95,101.89	-2.80,129.37 -3.09,130.47 -3.86,130.83 -3.45,129.99 -3.36,129.16 -3.43,128.59 -3.39,127.90 -2.84,128.14
Indonesia	-0.95,101.89	-3.79,126.87 -3.61,126.18 -3.18,125.99 -3.13,127.00 -3.46,127.25
Indonesia	-0.95,101.89	2.17,127.93 1.63,128.00 1.54,128.59 1.13,128.69 0.26,128.64 0.36,128.12 -0.25,127.97 -0.78,128.38 -0.90,128.10 -0.27,127.70 1.01,127.40 1.81,127.60
Indonesia	-0.95,101.89	0.88,122.93 0.92,124.08 1.64,125.07 1.42,125.24 0.43,124.44 0.24,123.69 0.43,122.72 0.38,121.06 0.24,120.18 -0.52,120.04 -1.41,120.94 -0.96,121.48 -0.62,123.34 -1.08,123.26 -0.93,122.82 -1.52,122.39 -1.90,121.51 -3.19,122.45 -3.53,122.27 -4.68,123.17 -5.34,123.16 -5.63,122.63 -5.28,122.24 -4.46,122.72 -4.85,121.74 -4.57,121.49 -4.19,121.62 -3.60,120.90 -2.63,120.97 -2.93,120.31 -4.10,120.39 -5.53,120.43 -5.67,119.80 -5.38,119.37 -4.46,119.65 -3.49,119.50 -3.49,119.08 -2.80,118.77 -2.15,119.18 -1.35,119.32 0.15,119.83 0.57,120.04 1.31,120.89 1.01,121.67
Indonesia	-0.95,101.89	-10.26,120.30 -9.56,118.97 -9.36,119.90 -9.67,120.43 -9.97,120.78 -10.24,120.72
Indonesia	-0.95,101.89	-8.54,121.34 -8.46,122.01 -8.09,122.90 -8.65,122.76 -8.93,121.25 -8.81,119.92 -8.44,119.92 -8.24,120.72
Indonesia	-0.95,101.89	-8.36,118.26 -8.28,118.88 -8.71,119.13 -8.91,117.97 -9.04,117.28 -9.03,116.74 -8.46,117.08 -8.45,117.63 -8.10,117.90
Indonesia	-0.95,101.89	-6.42,108.49 -6.78,108.62 -6.88,110.54 -6.47,110.76 -6.95,112.61 -7.59,112.98 -7.78,114.48 -8.37,115.71 -8.75,114.56 -8.35,113.46 -8.38,112.56 -8.30,111.52 -8.12,110.59 -7.74,109.43 -7.64,108.69 -7.77,108.28 -7.35,106.45 -6.92,106.28 -6.85,105.37 -5.90,106.05 -5.95,107.27 -6.35,108.07
Indonesia	-0.95,101.89	-1.08,104.37 -1.78,104.54 -2.34,104.89 -2.43,105.62 -3.06,106.11 -4.31,105.86 -5.85,105.82 -5.87,104.71 -5.04,103.87 -4.22,102.58 -3.61,102.16 -2.80,101.40 -2.05,100.90 -0.65,100.14 0.18,99.26 1.04,98.97 1.82,98.60 2.45,97.70 3.31,97.18 3.87,96.42 4.97,95.38 5.48,95.29 5.44,95.94 5.25,97.48 4.27,98.37 3.59,99.14 3.17,99.69 2.10,100.64 2.08,101.66 1.40,102.50 0.56,103.08 0.10,103.84 -0.71,103.44 -1.06,104.01
Argentina	-33.50,-64.17	-52.64,-68.63 -53.10,-68.25 -53.85,-67.75 -54.45,-66.45 -54.70,-65.05 -55.20,-65.50 -55.25,-66.45 -54.90,-66.96 -54.87,-67.56 -54.87,-68.63
Argentina	-33.50,-64.17	-30.22,-57.63 -31.02,-57.87 -32.04,-58.14 -33.04,-58.13 -33.26,-58.35 -33.91,-58.43 -34.43,-58.50 -35.29,-57.23 -35.98,-57.36 -36.41,-56.74 -36.90,-56.79 -38.18,-57.75 -38.72,-59.23 -38.93,-61.24 -38.83,-62.34 -39.42,-62.13 -40.17,-62.33 -40.68,-62.15 -41.03,-62.75 -41.17,-63.77 -40.80,-64.73 -41.06,-65.12 -42.06,-64.98 -42.36,-64.30 -42.04,-63.76 -42.56,-63.46 -42.87,-64.38 -43.50,-65.18 -44.50,-65.33 -45.04,-65.57 -45.04,-66.51 -45.55,-67.29 -46.30,-67.58 -47.03,-66.60 -47.24,-65.64 -48.13,-65.99 -48.70,-67.17 -49.87,-67.82 -50.26,-68.73 -50.73,-69.14 -51.77,-68.82 -52.35,-68.15 -52.30,-68.57 -52.14,-69.50 -52.01,-71.91 -51.43,-72.33 -50.68,-72.31 -50.74,-72.98 -50.38,-73.33 -49.32,-73.42 -48.88,-72.65 -48.24,-72.33 -47.74,-72.45 -46.88,-71.92 -45.56,-71.55 -44.97,-71.66 -44.78,-71.22 -44.41,-71.33 -44.21,-71.79 -43.79,-71.46 -43.41,-71.92 -42.25,-72.15 -42.05,-71.75 -40.83,-71.92 -39.81,-71.68 -38.92,-71.41 -38.55,-70.81 -37.58,-71.12 -36.66,-71.12 -36.01,-70.36 -35.17,-70.39 -34.19,-69.82 -33.27,-69.81 -33.09,-70.07 -31.37,-70.54 -30.34,-69.92 -29.37,-70.01 -28.46,-69.66 -27.52,-69.00 -26.90,-68.30 -26.51,-68.59 -26.19,-68.39 -24.52,-68.42 -24.03,-67.33 -22.99,-66.99 -22.74,-67.11 -21.83,-66.27 -22.08,-64.96 -22.80,-64.38 -21.99,-63.99 -22.03,-62.85 -22.25,-62.69 -23.88,-60.85 -24.03,-60.03 -24.77,-58.81 -25.16,-57.78 -25.60,-57.63 -27.12,-58.62 -27.40,-57.61 -27.55,-56.49 -27.39,-55.70 -26.62,-54.79 -25.74,-54.63 -25.55,-54.13 -26.12,-53.63 -26.92,-53.65 -27.47,-54.49 -27.88,-55.16 -28.85,-56.29
Chile	-38.15,-72.32	-52.64,-68.63 -54.87,-68.63 -54.87,-67.56 -54.90,-66.96 -55.30,-67.29 -55.61,-68.15 -55.58,-68.64 -55.50,-69.23 -55.20,-69.96 -55.05,-71.01 -54.50,-72.26 -53.96,-73.29 -52.84,-74.66 -53.05,-73.84 -53.72,-72.43 -54.07,-71.11 -53.62,-70.59 -52.93,-70.27 -52.52,-69.35
Chile	-38.15,-72.32	-17.58,-69.59 -18.26,-69.10 -18.98,-68.97 -19.41,-68.44 -20.37,-68.76 -21.49,-68.22 -22.87,-67.83 -22.74,-67.11 -22.99,-66.99 -24.03,-67.33 -24.52,-68.42 -26.19,-68.39 -26.51,-68.59 -26.90,-68.30 -27.52,-69.00 -28.46,-69.66 -29.37,-70.01 -30.34,-69.92 -31.37,-70.54 -33.09,-70.07 -33.27,-69.81 -34.19,-69.82 -35.17,-70.39 -36.01,-70.36 -36.66,-71.12 -37.58,-71.12 -38.55,-70.81 -38.92,-71.41 -39.81,-71.68 -40.83,-71.92 -42.05,-71.75 -42.25,-72.15 -43.41,-71.92 -43.79,-71.46 -44.21,-71.79 -44.41,-71.33 -44.78,-71.22 -44.97,-71.66 -45.56,-71.55 -46.88,-71.92 -47.74,-72.45 -48.24,-72.33 -48.88,-72.65 -49.32,-73.42 -50.38,-73.33 -50.74,-72.98 -50.68,-72.31 -51.43,-72.33 -52.01,-71.91 -52.14,-69.50 -52.30,-68.57 -52.29,-69.46 -52.54,-69.94 -52.90,-70.85 -53.83,-71.01 -53.86,-71.43 -53.53,-72.56 -52.84,-73.70 -52.84,-73.70 -52.26,-74.95 -51.63,-75.26 -51.04,-74.98 -50.38,-75.48 -48.67,-75.61 -47.71,-75.18 -46.94,-74.13 -46.65,-75.64 -45.76,-74.69 -44.10,-74.35 -44.45,-73.24 -42.38,-72.72 -42.12,-73.39 -43.37,-73.70 -43.22,-74.33 -41.79,-74.02 -39.94,-73.68 -39.26,-73.22 -38.28,-73.51 -37.16,-73.59 -37.12,-73.17 -35.51,-72.55 -33.91,-71.86 -32.42,-71.44 -30.92,-71.67 -30.10,-71.37 -28.86,-71.49 -27.64,-70.91 -25.71,-70.72 -23.63,-70.40 -21.39,-70.09 -19.76,-70.16 -18.35,-70.37 -18.09,-69.86
Dem. Rep. Congo	-1.86,23.46	-4.50,29.34 -5.42,29.52 -5.94,29.42 -6.52,29.62 -7.08,30.20 -8.34,30.74 -8.34,30.74 -8.24,30.35 -8.41,29.00 -8.53,28.73 -9.16,28.45 -9.61,28.67 -10.79,28.50 -11.79,28.37 -11.97,28.64 -12.36,29.34 -12.18,29.62 -13.26,29.70 -13.25,28.93 -12.70,28.52 -12.27,28.16 -12.13,27.39 -11.61,27.16 -11.92,26.55 -11.78,25.75 -11.33,25.42 -11.24,24.78 -11.26,24.31 -10.95,24.26 -10.93,23.91 -10.87,23.46 -11.02,22.84 -10.99,22.40 -11.08,22.16 -9.89,22.21 -9.52,21.88 -8.91,21.80 -8.31,21.95 -7.92,21.75 -7.29,21.73 -7.30,20.51 -6.94,20.60 -6.94,20.09 -7.12,20.04 -7.16,19.42 -7.74,19.17 -7.99,19.02 -7.85,18.46 -7.99,18.13 -8.07,17.47 -7.55,17.09 -7.22,16.86 -6.62,16.57 -5.88,16.33 -5.86,13.38 -5.98,13.02 -5.97,12.74 -6.10,12.32 -5.79,12.18 -5.68,12.44 -5.25,12.47 -4.99,12.63 -4.78,13.00 -4.88,13.26 -4.50,13.60 -4.51,14.14 -4.79,14.21 -4.97,14.58 -4.34,15.17 -3.86,15.75 -3.54,16.01 -2.71,15.97 -1.74,16.41 -1.23,16.87 -0.74,17.52 -0.42,17.64 -0.06,17.66 0.29,17.83 0.86,17.77 1.74,17.90 2.37,18.09 2.90,18.39 3.50,18.45 4.20,18.54 4.71,18.93 5.03,19.47 4.69,20.29 4.32,20.93 4.22,21.66 4.03,22.41 4.63,22.70 4.71,22.84 4.61,23.30 5.11,24.41 4.90,24.81 4.93,25.13 5.17,25.28 5.26,25.65 5.15,26.40 5.13,27.04 5.23,27.37 4.41,27.98 4.29,28.43 4.46,28.70 4.39,29.16 4.60,29.72 4.17,29.95 3.51,30.83 3.51,30.83 2.34,30.77 2.20,31.17 1.85,30.85 1.58,30.47 1.06,30.09 0.60,29.88 -0.21,29.82 -0.59,29.59 -1.34,29.58 -1.62,29.29 -2.22,29.25 -2.29,29.12 -2.84,29.02 -3.29,29.28
Somalia	3.57,45.19	-1.68,41.59 -0.86,40.99 2.78,40.98 3.92,41.86 4.23,42.13 4.25,42.77 4.96,43.66 5.00,44.96 8.00,47.79 8.84,48.49 9.45,48.94 9.97,48.94 10.98,48.94 11.39,48.94 11.41,48.95 11.41,48.95 11.43,49.27 11.58,49.73 11.68,50.26 12.02,50.73 12.02,51.11 11.75,51.13 11.17,51.04 10.64,51.05 10.28,50.83 9.20,50.55 8.08,50.07 6.80,49.45 5.34,48.59 4.22,47.74 2.86,46.56 2.05,45.56 1.05,44.07 0.29,43.14 -0.92,42.04 -1.45,41.81
Kenya	0.55,37.91	-4.68,39.20 -3.68,37.77 -3.10,37.70 -1.06,34.07 -0.95,33.90 0.11,33.89 0.52,34.18 1.18,34.67 1.91,35.04 3.05,34.60 3.56,34.48 4.25,34.01 4.85,34.62 5.51,35.30 5.34,35.82 4.78,35.82 4.45,36.16 4.45,36.86 3.60,38.12 3.59,38.44 3.62,38.67 3.50,38.89 3.42,39.56 3.84,39.85 4.26,40.77 3.92,41.17 3.92,41.86 2.78,40.98 -0.86,40.99 -1.68,41.59 -2.08,40.88 -2.50,40.64 -2.57,40.26 -3.28,40.12 -3.68,39.80 -4.35,39.60
Sudan	16.33,29.26	8.23,24.57 8.67,23.81 8.95,23.46 9.27,23.39 9.68,23.56 10.09,23.55 10.71,22.98 11.14,22.86 11.38,22.88 11.68,22.51 12.26,22.50 12.65,22.29 12.59,21.94 12.96,22.04 13.37,22.30 13.79,22.18 14.09,22.51 14.33,22.30 14.94,22.57 15.68,23.02 15.61,23.89 19.58,23.84 20.00,23.85 20.00,25.00 22.00,25.00 22.00,29.02 22.00,32.90 22.00,36.87 21.02,37.19 20.84,36.97 19.81,37.11 18.61,37.48 18.37,37.86 18.00,38.41 17.43,37.90 17.26,37.17 16.96,36.85 16.29,36.75 14.82,36.32 14.42,36.43 13.56,36.27 12.58,35.86 12.08,35.26 11.32,34.83 10.91,34.73 10.63,34.26 9.58,33.96 8.68,33.97 9.46,33.96 9.48,33.82 9.98,33.84 10.33,33.72 10.72,33.21 11.44,33.09 12.18,33.21 12.25,32.74 12.02,32.67 11.97,32.07 11.68,32.31 11.08,32.40 10.53,31.85 9.81,31.35 9.71,30.84 10.29,30.00 10.08,29.62 9.79,29.52 9.60,29.00 9.40,28.97 9.40,27.97 9.60,27.83 9.64,27.11 9.47,26.75 9.55,26.48 10.14,25.96 10.41,25.79 10.27,25.07 9.81,24.79 8.92,24.54 8.73,24.19 8.62,23.89
Chad	15.14,18.65	19.58,23.84 15.61,23.89 15.68,23.02 14.94,22.57 14.33,22.30 14.09,22.51 13.79,22.18 13.37,22.30 12.96,22.04 12.59,21.94 12.65,22.29 12.26,22.50 11.68,22.51 11.38,22.88 11.14,22.86 10.97,22.23 10.57,21.72 9.48,21.00 9.01,20.06 9.07,19.09 8.98,18.81 8.63,18.91 8.28,18.39 7.89,17.96 7.51,16.71 7.73,16.46 7.75,16.29 7.50,16.11 7.42,15.28 7.69,15.44 8.38,15.12 8.80,14.98 8.97,14.54 9.55,13.95 10.02,14.17 9.92,14.63 9.99,14.91 9.98,15.47 10.89,14.92 11.56,14.96 12.22,14.89 12.86,14.50 13.33,14.60 13.35,13.95 14.00,13.96 14.37,13.54 15.68,13.97 16.63,15.25 17.93,15.30 19.96,15.69 20.39,15.90 20.73,15.49 21.05,15.47 21.31,15.10 22.86,14.85 23.41,15.86 21.50,19.85
Haiti	19.26,-72.22	19.71,-71.71 19.17,-71.62 18.79,-71.70 18.62,-71.95 18.32,-71.69 18.04,-71.71 18.21,-72.37 18.15,-72.84 18.22,-73.45 18.03,-73.92 18.34,-74.46 18.66,-74.37 18.53,-73.45 18.45,-72.69 18.67,-72.33 19.10,-72.79 19.48,-72.78 19.64,-73.42 19.92,-73.19 19.87,-72.58
Dominican Rep.	19.10,-70.65	18.04,-71.71 18.32,-71.69 18.62,-71.95 18.79,-71.70 19.17,-71.62 19.71,-71.71 19.88,-71.59 19.88,-70.81 19.62,-70.21 19.65,-69.95 19.29,-69.77 19.31,-69.22 19.02,-69.25 18.98,-68.81 18.61,-68.32 18.21,-68.69 18.42,-69.16 18.38,-69.62 18.43,-69.95 18.25,-70.13 18.18,-70.52 18.43,-70.67 18.28,-71.00 17.60,-71.40 17.76,-71.66
Russia	58.25,44.69	71.10,178.73 71.52,180.00 70.83,180.00 70.78,178.90
Russia	58.25,44.69	46.40,49.10 45.81,48.65 45.64,47.68 44.61,46.68 43.66,47.59 42.99,47.49 41.81,48.58 41.81,48.58 41.41,47.99 41.15,47.82 41.22,47.37 41.83,46.69 41.86,46.40 42.09,45.78 42.50,45.47 42.71,44.54 42.55,43.93 42.74,43.76 43.22,42.39 43.38,40.92 43.55,40.08 43.43,39.96 44.28,38.68 44.66,37.54 45.24,36.68 45.40,37.40 46.24,38.23 46.64,37.67 47.04,39.15 47.26,39.12 47.10,38.22 47.55,38.26 47.83,38.77 47.90,39.74 48.23,39.90 48.78,39.67 49.31,40.08 49.60,40.07 49.93,38.59 49.92,38.01 50.38,37.39 50.23,36.63 50.58,35.36 50.77,35.38 51.21,35.02 51.26,34.22 51.57,34.14 51.77,34.39 52.34,33.75 52.24,32.72 52.29,32.41 52.06,32.16 52.10,31.79 52.10,31.79 52.74,31.54 53.07,31.31 53.17,31.50 53.13,32.30 53.35,32.69 53.62,32.41 53.79,31.73 53.97,31.79 54.16,31.38 54.81,30.76 55.08,30.97 55.55,30.87 55.79,29.90 55.67,29.37 55.92,29.23 56.17,28.18 56.76,27.86 57.24,27.77 57.47,27.29 57.79,27.72 58.72,27.42 59.30,28.13 59.48,27.98 59.48,27.98 60.03,29.12 60.50,28.07 60.50,28.07 61.78,30.21 62.36,31.14 62.87,31.52 63.55,30.04 64.20,30.44 64.95,29.54 65.81,30.22 66.94,29.05 67.70,29.98 68.36,28.45 69.06,28.59 69.16,29.40 69.56,31.10 69.56,31.10 69.91,32.13 69.30,33.78 69.06,36.51 67.93,40.29 67.46,41.06 66.79,41.13 66.27,40.02 66.00,38.38 66.76,33.92 66.63,33.18 65.90,34.81 65.44,34.88 64.41,34.94 64.11,36.23 63.85,37.01 64.33,37.14 64.76,36.54 65.14,37.18 64.52,39.59 64.76,40.44 65.50,39.76 66.48,42.09 66.42,43.02 66.07,43.95 66.76,44.53 67.35,43.70 67.95,44.19 68.57,43.45 68.25,46.25 67.69,46.82 67.57,45.56 67.01,45.56 66.67,46.35 66.88,47.89 67.52,48.14 68.00,50.23 68.86,53.72 68.81,54.47 68.20,53.49 68.10,54.73 68.44,55.44 68.47,57.32 68.88,58.80 68.28,59.94 68.94,61.08 69.52,60.03 69.85,60.55 69.55,63.50 69.23,64.89 68.09,68.51 68.62,69.18 69.14,68.16 69.36,68.14 69.45,66.93 69.93,67.26 70.71,66.72 71.03,66.69 71.93,68.54 72.84,69.20 73.04,69.94 72.78,72.59 72.22,72.80 71.41,71.85 71.09,72.47 70.39,72.79 69.02,72.56 68.41,73.67 67.74,73.24 66.32,71.28 66.17,72.42 66.53,72.82 66.79,73.92 67.28,74.19 67.76,75.05 68.33,74.47 68.99,74.94 69.07,73.84 69.63,73.60 70.63,74.40 71.45,73.10 72.12,74.89 72.83,74.66 72.85,75.16 72.30,75.68 71.34,75.29 71.15,76.36 71.87,75.90 72.27,77.58 72.32,79.65 71.75,81.50 72.58,80.61 73.65,80.51 73.85,82.25 73.81,84.66 73.94,86.82 74.46,86.01 75.12,87.17 75.14,88.32 75.64,90.26 75.77,92.90 76.05,93.23 76.14,95.86 75.92,96.68 76.45,98.92 76.43,100.76 76.86,101.04 77.29,101.99 77.70,104.35 77.37,106.07 77.13,104.70 76.97,106.97 76.48,107.24 76.72,108.15 76.71,111.08 76.22,113.33 75.85,114.13 75.33,113.89 75.03,112.78 74.48,110.15 74.18,109.40 74.04,110.64 73.79,112.12 73.98,113.02 73.34,113.53 73.59,113.97 73.75,115.57 73.59,118.78 73.12,119.02 72.97,123.20 73.74,123.26 73.56,125.38 73.57,126.98 73.04,128.59 72.40,129.05 71.98,128.46 71.19,129.72 70.79,131.29 71.84,132.25 71.39,133.86 71.66,135.56 71.35,137.50 71.63,138.23 71.49,139.87 72.42,139.15 72.85,140.47 72.20,149.50 71.61,150.35 70.84,152.97 71.03,157.01 70.87,159.00 70.45,159.83 69.72,159.71 69.44,160.94 69.64,162.28 69.67,164.05 69.47,165.94 69.58,167.84 68.69,169.58 69.01,170.82 69.65,170.01 70.10,170.45 69.82,173.64 69.88,175.72 69.40,178.60 68.96,180.00 64.98,180.00 64.97,179.99 64.53,178.71 64.61,177.41 64.08,178.31 63.25,178.91 62.98,179.37 62.57,179.49 62.30,179.23 62.52,177.36 61.77,174.57 61.65,173.68 60.95,172.15 60.34,170.70 59.88,170.33 60.57,168.90 59.79,166.29 60.16,165.84 59.73,164.88 59.87,163.54 59.21,163.22 58.24,162.02 57.84,162.05 57.62,163.19 56.16,163.06 56.12,162.13 55.29,161.70 54.86,162.12 54.34,160.37 53.20,160.02 52.96,158.53 51.94,158.23 51.01,156.79 51.70,156.42 53.16,155.99 55.38,155.43 56.77,155.91 57.36,156.76 57.83,156.81 58.06,158.36 59.31,160.15 60.34,161.87 61.14,163.67 62.55,164.47 62.47,163.26 61.64,162.66 60.54,160.12 61.77,159.30 61.43,156.72 59.76,154.22 59.14,155.04 58.88,152.81 58.78,151.27 59.50,151.34 59.66,149.78 59.16,148.54 59.34,145.49 59.04,142.20 57.09,138.96 54.73,135.13 54.60,136.70 53.98,137.19 53.76,138.16 54.25,138.80 54.19,139.90 53.09,141.35 52.24,141.38 51.24,140.60 50.05,140.51 48.45,140.06 47.00,138.55 46.31,138.22 45.14,136.86 43.99,135.52 43.40,134.87 42.81,133.54 42.80,132.91 43.28,132.28 42.55,130.94 42.22,130.78 42.22,130.78 42.22,130.78 42.22,130.78 42.40,130.64 42.40,130.64 42.90,130.63 42.93,131.14 44.11,131.29 44.97,131.03 45.32,131.88 45.14,133.10 46.12,133.77 47.21,134.11 47.58,134.50 48.48,135.03 48.18,133.37 47.79,132.51 47.79,130.99 48.73,130.58 49.44,129.40 49.76,127.66 50.74,127.29 51.35,126.94 51.78,126.56 52.79,125.95 53.16,125.07 53.46,123.57 53.43,122.25 53.25,121.00 52.75,120.18 52.52,120.73 51.96,120.74 51.64,120.18 50.58,119.28 50.14,119.29 49.51,117.88 49.89,116.68 49.81,115.49 50.14,114.96 50.25,114.36 49.54,112.90 49.38,111.58 49.13,110.66 49.29,109.40 49.28,108.48 49.79,107.87 50.27,106.89 50.41,105.89 50.28,104.62 50.09,103.68 50.51,102.26 51.26,102.07 51.52,100.89 51.63,99.98 52.05,98.86 51.01,97.83 50.42,98.23 49.73,97.26 49.98,95.81 50.01,94.82 50.48,94.15 50.50,93.10 50.80,92.23 50.33,90.71 49.47,88.81 49.30,87.75 49.21,87.36 49.83,86.83 49.69,85.54 50.12,85.12 50.31,84.42 50.89,83.94 51.07,83.38 50.81,81.95 51.39,80.57 50.86,80.04 53.40,77.80 54.18,76.53 54.49,76.89 53.55,74.38 53.49,73.43 54.04,73.51 54.38,72.22 54.13,71.18 55.17,70.87 55.39,69.07 54.97,68.17 54.60,65.67 54.35,65.18 54.01,61.44 53.66,60.98 52.98,61.70 52.72,60.74 52.45,60.93 51.96,59.97 51.27,61.59 50.80,61.34 50.84,59.93 50.55,59.64 51.06,58.36 51.04,56.78 50.62,55.72 51.03,54.53 51.72,52.33 51.69,50.77 50.61,48.70 49.87,48.58 50.45,47.55 49.36,46.75 49.15,47.04 48.39,46.47 47.72,47.32 47.74,48.06 47.08,48.69 46.56,48.59
Russia	58.25,44.69	81.02,93.78 81.25,95.94 80.75,97.88 79.78,100.19 78.88,99.94 78.76,97.76 79.04,94.97 79.43,93.31 80.14,92.55 80.34,91.18
Russia	58.25,44.69	79.28,102.84 78.71,105.37 78.31,105.08 77.92,99.44 79.23,101.26 79.35,102.09
Russia	58.25,44.69	76.14,138.83 76.09,141.47 75.56,145.09 74.82,144.30 74.85,140.61 74.61,138.96 75.26,136.97 75.95,137.51
Russia	58.25,44.69	75.35,148.22 75.08,150.73 74.69,149.58 74.78,147.98 75.17,146.12 75.50,146.36
Russia	58.25,44.69	73.37,139.86 73.77,140.81 73.86,142.06 73.48,143.48 73.21,143.60 73.21,142.09 73.32,140.04
Russia	58.25,44.69	80.59,44.85 80.77,46.80 80.78,48.32 80.51,48.52 80.75,49.10 80.92,50.04 80.70,51.52 80.55,51.14 80.42,49.79 80.34,48.89 80.18,48.75 80.01,47.59 80.25,46.50 80.56,47.07
Russia	58.25,44.69	54.33,22.73 54.31,20.89 54.43,19.66 54.87,19.89 55.19,21.27 55.02,22.32 54.86,22.76 54.58,22.65
Russia	58.25,44.69	73.75,53.51 74.63,55.90 75.08,55.63 75.61,57.87 76.25,61.17 76.44,64.50 76.81,66.21 76.94,68.16 76.54,68.85 76.23,68.18 75.74,64.64 75.26,61.58 74.31,58.48 73.33,56.99 72.37,55.42 71.54,55.62 70.72,57.54 70.63,56.94 70.76,53.68 71.21,53.41 71.47,51.60 72.01,51.46 72.23,52.48 72.77,52.44 73.63,54.43
Russia	58.25,44.69	53.70,142.91 52.74,143.26 51.76,143.24 50.75,143.65 48.98,144.65 49.31,143.17 47.86,142.56 46.84,143.53 46.14,143.51 46.74,142.75 45.97,142.09 46.81,141.91 47.78,142.02 48.86,141.90 49.62,142.14 50.95,142.18 51.94,141.59 53.30,141.68 53.76,142.61 54.23,142.21 54.37,142.65
Russia	58.25,44.69	67.21,-174.93 66.58,-175.01 66.34,-174.34 67.06,-174.57 66.91,-171.86 65.98,-169.90 65.54,-170.89 65.44,-172.53 64.46,-172.56 64.25,-172.96 64.28,-173.89 64.63,-174.65 64.92,-175.98 65.36,-176.21 65.52,-177.22 65.39,-178.36 65.74,-178.90 66.11,-178.69 65.87,-179.88 65.40,-179.43 64.98,-180.00 68.96,-180.00 68.20,-177.55
Russia	58.25,44.69	70.89,-178.69 70.83,-180.00 71.52,-180.00 71.56,-179.87 71.56,-179.02 71.27,-177.58 71.13,-177.66
Russia	58.25,44.69	45.97,33.44 46.22,33.70 46.01,34.41 45.97,34.73 45.77,34.86 45.74,35.01 45.65,35.02 45.41,35.51 45.47,36.53 45.11,36.33 44.94,35.24 44.36,33.88 44.56,33.33 45.03,33.55 45.33,32.45 45.52,32.63 45.85,33.59
Bahamas	26.40,-77.15	26.79,-78.98 26.87,-78.51 26.84,-77.85 26.58,-77.82 26.42,-78.91
Bahamas	26.40,-77.15	27.04,-77.79 26.59,-77.00 25.88,-77.17 26.01,-77.36 26.53,-77.34 26.93,-77.79
Bahamas	26.40,-77.15	25.21,-78.19 25.17,-77.89 24.34,-77.54 23.76,-77.53 23.71,-77.78 24.29,-78.03 24.58,-78.41
Falkland Is.	-51.61,-58.74	-51.85,-61.20 -51.25,-60.00 -51.50,-59.15 -51.10,-58.55 -51.55,-57.75 -51.90,-58.05 -52.20,-59.40 -51.85,-59.85 -52.30,-60.70
Norway	61.36,9.68	79.67,15.14 80.02,15.52 80.05,16.99 79.70,18.25 78.96,21.54 78.56,19.03 77.83,18.47 77.64,17.59 76.81,17.12 76.77,15.91 77.38,13.76 77.74,14.67 78.02,13.17 78.87,11.22 79.65,10.44 80.01,13.17 79.66,13.72
Norway	61.36,9.68	69.56,31.10 69.16,29.40 69.06,28.59 69.77,29.02 70.16,27.73 69.83,26.18 69.09,25.69 68.65,24.74 68.89,23.66 68.84,22.36 69.37,21.24 69.11,20.65 69.07,20.03 68.41,19.88 68.57,17.99 68.01,17.73 68.01,16.77 67.30,16.11 66.19,15.11 64.79,13.56 64.45,13.92 64.05,13.57 64.07,12.58 63.13,11.93 61.80,11.99 61.29,12.63 60.12,12.30 59.43,11.47 58.86,11.03 59.47,10.36 58.31,8.38 58.08,7.05 58.59,5.67 59.66,5.31 61.97,4.99 62.61,5.91 63.45,8.55 64.49,10.53 65.88,12.36 67.81,14.76 68.56,16.44 69.82,19.18 70.26,21.38 70.20,23.02 71.03,24.55 70.99,26.37 71.19,28.17 70.45,31.29 70.19,30.01
Norway	61.36,9.68	80.06,27.41 79.52,25.92 79.40,23.02 79.57,20.08 79.84,19.90 79.86,18.46 80.32,17.37 80.60,20.46 80.36,21.91 80.66,22.92 80.41,25.45
Norway	61.36,9.68	77.85,24.72 77.44,22.49 77.68,20.73 77.94,21.42 78.25,20.81 78.45,22.88 78.08,23.28
Greenland	74.32,-39.34	82.63,-46.76 83.23,-43.41 83.18,-39.90 83.55,-38.62 83.65,-35.09 83.52,-27.10 82.73,-20.85 82.34,-22.69 82.30,-26.52 82.20,-31.90 82.02,-31.40 82.13,-27.86 81.79,-24.84 82.09,-22.90 81.73,-22.07 81.15,-23.17 81.52,-20.62 81.91,-15.77 81.72,-12.77 81.29,-12.21 80.58,-16.29 80.35,-16.85 80.18,-20.05 80.13,-17.73 79.40,-18.90 78.75,-19.70 77.64,-19.67 76.99,-18.47 76.94,-20.04 76.63,-21.68 76.10,-19.83 75.25,-19.60 75.16,-20.67 74.30,-19.37 74.22,-21.59 73.82,-20.43 73.46,-20.76 73.31,-22.17 73.31,-23.57 72.63,-22.31 72.18,-22.30 72.60,-24.28 72.33,-24.79 72.08,-23.44 71.47,-22.13 70.66,-21.75 70.47,-23.54 70.86,-24.31 71.43,-25.54 70.75,-25.20 70.23,-26.36 70.18,-23.73 70.13,-22.35 69.26,-25.03 68.47,-27.75 68.13,-30.67 68.12,-31.78 67.74,-32.81 66.68,-34.20 65.98,-36.35 65.94,-37.04 65.69,-38.38 65.46,-39.81 64.84,-40.67 64.14,-40.68 63.48,-41.19 62.68,-42.82 61.90,-42.42 61.07,-42.87 60.10,-43.38 60.04,-44.79 60.85,-46.26 60.86,-48.26 61.41,-49.23 62.38,-49.90 63.63,-51.63 64.28,-52.14 65.18,-52.28 66.10,-53.66 66.84,-53.30 67.19,-53.97 68.36,-52.98 68.73,-51.48 69.15,-51.08 69.93,-50.87 69.57,-52.01 69.43,-52.56 69.28,-53.46 69.61,-54.68 70.29,-54.75 70.82,-54.36 70.84,-53.43 70.57,-51.39 71.20,-53.11 71.55,-54.00 71.41,-55.00 71.65,-55.83 72.59,-54.72 72.96,-55.33 73.65,-56.12 74.71,-57.32 75.10,-58.60 75.52,-58.59 76.10,-61.27 76.18,-63.39 76.13,-66.06 76.06,-68.50 76.38,-69.66 77.01,-71.40 77.32,-68.78 77.38,-66.76 77.64,-71.04 78.04,-73.30 78.43,-73.16 78.91,-69.37 79.39,-65.71 79.76,-65.32 80.12,-68.02 80.52,-67.15 81.21,-63.69 81.32,-62.23 81.77,-62.65 82.03,-60.28 82.19,-57.21 82.20,-54.13 81.89,-53.04 82.44,-50.39 82.06,-48.00 81.99,-46.60 81.66,-44.52 82.20,-46.90
Fr. S. Antarctic Lands	-49.30,69.12	-48.62,68.94 -48.94,69.58 -49.06,70.53 -49.26,70.56 -49.71,70.28 -49.77,68.75 -49.24,68.72 -48.83,68.87
Timor-Leste	-8.80,125.85	-8.89,124.97 -8.66,125.09 -8.43,125.95 -8.40,126.64 -8.27,126.96 -8.40,127.34 -8.67,126.97 -9.11,125.93 -9.39,125.09 -9.09,125.07
South Africa	-29.71,23.67	-28.58,16.34 -28.08,16.82 -28.36,17.22 -28.78,17.39 -28.86,17.84 -29.05,18.46 -28.97,19.00 -28.46,19.89 -24.77,19.90 -24.92,20.17 -25.87,20.76 -26.48,20.67 -26.83,20.89 -26.73,21.61 -26.28,22.11 -25.98,22.58 -25.50,22.82 -25.27,23.31 -25.39,23.73 -25.67,24.21 -25.72,25.03 -25.49,25.66 -25.17,25.77 -24.70,25.94 -24.62,26.49 -24.24,26.79 -23.57,27.12 -22.83,28.02 -22.09,29.43 -22.10,29.84 -22.27,30.32 -22.15,30.66 -22.25,31.19 -23.66,31.67 -24.37,31.93 -25.48,31.75 -25.84,31.84 -25.66,31.33 -25.73,31.04 -26.02,30.95 -26.40,30.68 -26.74,30.69 -27.29,31.28 -27.18,31.87 -26.73,32.07 -26.74,32.83 -27.47,32.58 -28.30,32.46 -28.75,32.20 -29.26,31.52 -29.40,31.33 -29.91,30.90 -30.42,30.62 -31.14,30.06 -32.17,28.93 -32.77,28.22 -33.23,27.46 -33.61,26.42 -33.67,25.91 -33.94,25.78 -33.80,25.17 -33.99,24.68 -33.79,23.59 -33.92,22.99 -33.86,22.57 -34.26,21.54 -34.42,20.69 -34.80,20.07 -34.82,19.62 -34.46,19.19 -34.44,18.86 -34.00,18.42 -34.14,18.38 -33.87,18.24 -33.28,18.25 -32.61,17.93 -32.43,18.25 -31.66,18.22 -30.73,17.57 -29.88,17.06 -29.88,17.06
Lesotho	-29.48,28.25	-28.96,28.98 -29.26,29.33 -29.74,29.02 -30.07,28.85 -30.23,28.29 -30.55,28.11 -30.65,27.75 -29.88,27.00 -29.24,27.53 -28.85,28.07 -28.65,28.54
Mexico	23.92,-102.29	32.54,-117.13 32.61,-115.99 32.72,-114.72 32.53,-114.81 32.04,-113.30 31.33,-111.02 31.34,-109.03 31.34,-108.24 31.75,-108.24 31.75,-106.51 31.40,-106.14 31.08,-105.63 30.64,-105.04 30.12,-104.71 29.57,-104.46 29.27,-103.94 28.97,-103.11 29.76,-102.48 29.78,-101.66 29.38,-100.96 28.70,-100.46 28.11,-100.11 27.54,-99.52 26.84,-99.30 26.37,-99.02 26.06,-98.24 25.84,-97.53 25.87,-97.14 24.99,-97.53 24.27,-97.70 22.93,-97.78 22.44,-97.87 21.90,-97.70 21.41,-97.39 20.64,-97.19 19.89,-96.53 19.32,-96.29 18.83,-95.90 18.56,-94.84 18.14,-94.43 18.42,-93.55 18.52,-92.79 18.70,-92.04 18.88,-91.41 19.28,-90.77 19.87,-90.53 20.71,-90.45 21.00,-90.28 21.26,-89.60 21.49,-88.54 21.46,-87.66 21.54,-87.05 21.33,-86.81 20.85,-86.85 20.26,-87.38 19.65,-87.62 19.47,-87.44 19.04,-87.59 18.26,-87.84 18.52,-88.09 18.50,-88.30 18.49,-88.49 17.88,-88.85 18.00,-89.03 17.96,-89.15 17.81,-89.14 17.82,-90.07 17.82,-91.00 17.25,-91.00 17.25,-91.45 16.92,-91.08 16.69,-90.71 16.47,-90.60 16.41,-90.44 16.07,-90.46 16.07,-91.75 15.25,-92.23 15.06,-92.09 14.83,-92.20 14.54,-92.23 15.62,-93.36 15.94,-93.88 16.20,-94.69 16.13,-95.25 15.75,-96.05 15.65,-96.56 15.92,-97.26 16.11,-98.01 16.57,-98.95 16.71,-99.70 17.17,-100.83 17.65,-101.67 17.92,-101.92 17.98,-102.48 18.29,-103.50 18.75,-103.92 19.32,-104.99 19.95,-105.49 20.43,-105.73 20.53,-105.40 20.82,-105.50 21.08,-105.27 21.42,-105.27 21.87,-105.60 22.27,-105.69 22.77,-106.03 23.77,-106.91 24.55,-107.92 25.17,-108.40 25.58,-109.26 25.82,-109.44 26.44,-109.29 26.68,-109.80 27.16,-110.39 27.86,-110.64 27.94,-111.18 28.47,-111.76 28.95,-112.23 29.27,-112.27 30.02,-112.81 30.79,-113.16 31.17,-113.15 31.57,-113.87 31.52,-114.21 31.80,-114.78 31.39,-114.94 30.91,-114.77 30.16,-114.67 29.75,-114.33 29.06,-113.59 28.83,-113.42 28.75,-113.27 28.41,-113.14 28.43,-112.96 27.78,-112.76 27.53,-112.46 27.17,-112.24 26.66,-111.62 25.73,-111.28 25.29,-110.99 24.83,-110.71 24.30,-110.66 24.27,-110.17 23.81,-109.77 23.36,-109.41 23.19,-109.43 22.82,-109.85 22.82,-110.03 23.43,-110.30 24.00,-110.95 24.48,-111.67 24.74,-112.18 25.47,-112.15 26.01,-112.30 26.32,-112.78 26.77,-113.46 26.64,-113.60 26.90,-113.85 27.14,-114.47 27.72,-115.06 27.80,-114.98 27.74,-114.57 28.12,-114.20 28.57,-114.16 29.28,-114.93 29.56,-115.52 30.18,-115.89 30.84,-116.26 31.64,-116.72
Uruguay	-32.96,-55.97	-30.22,-57.63 -30.11,-56.98 -30.88,-55.97 -30.85,-55.60 -31.49,-54.57 -32.05,-53.79 -32.73,-53.21 -33.20,-53.65 -33.77,-53.37 -34.40,-53.81 -34.95,-54.94 -34.75,-55.67 -34.86,-56.22 -34.43,-57.14 -34.46,-57.82 -33.91,-58.43 -33.26,-58.35 -33.04,-58.13 -32.04,-58.14 -31.02,-57.87
Brazil	-12.10,-49.56	-33.77,-53.37 -33.20,-53.65 -32.73,-53.21 -32.05,-53.79 -31.49,-54.57 -30.85,-55.60 -30.88,-55.97 -30.11,-56.98 -30.22,-57.63 -28.85,-56.29 -27.88,-55.16 -27.47,-54.49 -26.92,-53.65 -26.12,-53.63 -25.55,-54.13 -25.74,-54.63 -25.16,-54.43 -24.57,-54.29 -24.02,-54.29 -23.84,-54.65 -24.00,-55.03 -23.96,-55.40 -23.57,-55.52 -22.66,-55.61 -22.36,-55.80 -22.09,-56.47 -22.28,-56.88 -22.09,-57.94 -20.73,-57.87 -20.18,-58.17 -19.97,-57.85 -19.40,-57.95 -18.96,-57.68 -18.17,-57.50 -17.55,-57.73 -17.27,-58.28 -16.88,-58.39 -16.30,-58.24 -16.26,-60.16 -15.09,-60.54 -15.08,-60.25 -14.65,-60.26 -14.35,-60.46 -13.78,-60.50 -13.48,-61.08 -13.49,-61.71 -13.20,-62.13 -13.00,-62.80 -12.63,-63.20 -12.46,-64.32 -11.57,-65.40 -10.90,-65.32 -10.51,-65.44 -9.76,-65.34 -9.93,-66.65 -10.31,-67.17 -10.71,-68.05 -11.01,-68.27 -11.04,-68.79 -10.95,-69.53 -11.12,-70.09 -11.01,-70.55 -9.49,-70.48 -10.08,-71.30 -10.05,-72.18 -9.52,-72.56 -9.46,-73.23 -9.03,-73.02 -8.42,-73.57 -7.52,-73.99 -7.34,-73.72 -6.92,-73.72 -6.63,-73.12 -6.09,-73.22 -5.74,-72.96 -5.27,-72.89 -4.59,-71.75 -4.40,-70.93 -4.25,-70.79 -4.30,-69.89 -1.56,-69.44 -1.12,-69.42 -0.55,-69.58 -0.19,-70.02 0.54,-70.02 0.71,-69.45 0.60,-69.25 0.99,-69.22 1.09,-69.80 1.71,-69.82 1.69,-67.87 2.04,-67.54 1.72,-67.26 1.13,-67.07 1.25,-66.88 0.72,-66.33 0.79,-65.55 1.10,-65.35 1.33,-64.61 1.49,-64.20 1.92,-64.08 2.20,-63.37 2.41,-63.42 2.50,-64.27 3.13,-64.41 3.80,-64.37 4.06,-64.82 4.15,-64.63 4.02,-63.89 3.77,-63.09 4.01,-62.80 4.16,-62.09 4.54,-60.97 4.92,-60.60 5.20,-60.73 5.24,-60.21 5.01,-59.98 4.57,-60.11 4.42,-59.77 3.96,-59.54 3.61,-59.82 2.76,-59.97 2.25,-59.72 1.79,-59.65 1.32,-59.03 1.27,-58.54 1.46,-58.43 1.51,-58.11 1.68,-57.66 1.95,-57.34 1.86,-56.78 1.90,-56.54 1.82,-56.00 2.02,-55.91 2.22,-56.07 2.51,-55.97 2.42,-55.57 2.52,-55.10 2.31,-54.52 2.11,-54.09 2.38,-53.78 2.33,-53.55 2.05,-53.42 2.12,-52.94 2.50,-52.56 3.24,-52.25 4.16,-51.66 4.20,-51.32 3.65,-51.07 1.90,-50.51 1.74,-49.97 1.05,-49.95 0.22,-50.70 -0.08,-50.39 -0.24,-48.62 -1.24,-48.58 -0.58,-47.82 -0.94,-46.57 -1.55,-44.91 -2.14,-44.42 -2.69,-44.58 -2.38,-43.42 -2.91,-41.47 -2.87,-39.98 -3.70,-38.50 -4.82,-37.22 -5.11,-36.45 -5.15,-35.60 -5.46,-35.24 -6.74,-34.90 -7.34,-34.73 -9.00,-35.13 -9.65,-35.64 -11.04,-37.05 -12.17,-37.68 -13.04,-38.42 -13.06,-38.67 -13.79,-38.95 -15.67,-38.88 -17.21,-39.16 -17.87,-39.27 -18.26,-39.58 -19.60,-39.76 -20.90,-40.77 -21.94,-40.94 -22.37,-41.75 -22.97,-41.99 -22.97,-43.07 -23.35,-44.65 -23.80,-45.35 -24.09,-46.47 -24.89,-47.65 -25.88,-48.50 -26.62,-48.64 -27.18,-48.47 -28.19,-48.66 -28.67,-48.89 -29.22,-49.59 -30.98,-50.70 -31.78,-51.58 -32.25,-52.26 -33.20,-52.71
Bolivia	-16.67,-64.59	-10.95,-69.53 -11.04,-68.79 -11.01,-68.27 -10.71,-68.05 -10.31,-67.17 -9.93,-66.65 -9.76,-65.34 -10.51,-65.44 -10.90,-65.32 -11.57,-65.40 -12.46,-64.32 -12.63,-63.20 -13.00,-62.80 -13.20,-62.13 -13.49,-61.71 -13.48,-61.08 -13.78,-60.50 -14.35,-60.46 -14.65,-60.26 -15.08,-60.25 -15.09,-60.54 -16.26,-60.16 -16.30,-58.24 -16.88,-58.39 -17.27,-58.28 -17.55,-57.73 -18.17,-57.50 -18.96,-57.68 -19.40,-57.95 -19.97,-57.85 -20.18,-58.17 -19.87,-58.18 -19.36,-59.12 -19.34,-60.04 -19.63,-61.79 -20.51,-62.27 -21.05,-62.29 -22.25,-62.69 -22.03,-62.85 -21.99,-63.99 -22.80,-64.38 -22.08,-64.96 -21.83,-66.27 -22.74,-67.11 -22.87,-67.83 -21.49,-68.22 -20.37,-68.76 -19.41,-68.44 -18.98,-68.97 -18.26,-69.10 -17.58,-69.59 -16.50,-68.96 -15.66,-69.39 -15.32,-69.16 -14.95,-69.34 -14.45,-68.95 -13.60,-68.93 -12.90,-68.88 -12.56,-68.67
Peru	-12.98,-72.90	-4.30,-69.89 -4.25,-70.79 -4.40,-70.93 -4.59,-71.75 -5.27,-72.89 -5.74,-72.96 -6.09,-73.22 -6.63,-73.12 -6.92,-73.72 -7.34,-73.72 -7.52,-73.99 -8.42,-73.57 -9.03,-73.02 -9.46,-73.23 -9.52,-72.56 -10.05,-72.18 -10.08,-71.30 -9.49,-70.48 -11.01,-70.55 -11.12,-70.09 -10.95,-69.53 -12.56,-68.67 -12.90,-68.88 -13.60,-68.93 -14.45,-68.95 -14.95,-69.34 -15.32,-69.16 -15.66,-69.39 -16.50,-68.96 -17.58,-69.59 -18.09,-69.86 -18.35,-70.37 -17.77,-71.38 -17.36,-71.46 -16.36,-73.44 -15.27,-75.24 -14.65,-76.01 -13.82,-76.42 -13.54,-76.26 -12.22,-77.11 -10.38,-78.09 -8.39,-79.04 -7.93,-79.45 -7.19,-79.76 -6.54,-80.54 -6.14,-81.25 -5.69,-80.93 -4.74,-81.41 -4.04,-81.10 -3.40,-80.30 -3.82,-80.18 -4.06,-80.47 -4.43,-80.44 -4.35,-80.03 -4.45,-79.62 -4.96,-79.21 -4.55,-78.64 -3.87,-78.45 -3.00,-77.84 -2.61,-76.64 -1.56,-75.54 -0.91,-75.23 -0.15,-75.37 -0.06,-75.11 -0.53,-74.44 -1.00,-74.12 -1.26,-73.66 -2.31,-73.07 -2.43,-72.33 -2.17,-71.77 -2.34,-71.41 -2.26,-70.81 -2.73,-70.05 -3.74,-70.69 -3.77,-70.39
Colombia	3.37,-73.17	1.25,-66.88 1.13,-67.07 1.72,-67.26 2.04,-67.54 1.69,-67.87 1.71,-69.82 1.09,-69.80 0.99,-69.22 0.60,-69.25 0.71,-69.45 0.54,-70.02 -0.19,-70.02 -0.55,-69.58 -1.12,-69.42 -1.56,-69.44 -4.30,-69.89 -3.77,-70.39 -3.74,-70.69 -2.73,-70.05 -2.26,-70.81 -2.34,-71.41 -2.17,-71.77 -2.43,-72.33 -2.31,-73.07 -1.26,-73.66 -1.00,-74.12 -0.53,-74.44 -0.06,-75.11 -0.15,-75.37 0.08,-75.80 0.42,-76.29 0.26,-76.58 0.40,-77.42 0.83,-77.67 0.81,-77.86 1.38,-78.86 1.69,-78.99 1.77,-78.62 2.27,-78.66 2.63,-78.43 2.70,-77.93 3.33,-77.51 3.85,-77.13 4.09,-77.50 4.67,-77.31 5.58,-77.53 5.85,-77.32 6.69,-77.48 7.22,-77.88 7.71,-77.75 7.64,-77.43 7.94,-77.24 8.52,-77.47 8.67,-77.35 8.64,-76.84 9.34,-76.09 9.44,-75.67 9.77,-75.66 10.62,-75.48 11.08,-74.91 11.10,-74.28 11.31,-74.20 11.23,-73.41 11.73,-72.63 11.96,-72.24 12.44,-71.75 12.38,-71.40 12.11,-71.14 11.78,-71.33 11.61,-71.97 11.11,-72.23 10.82,-72.61 10.45,-72.91 9.74,-73.03 9.15,-73.30 9.09,-72.79 8.63,-72.66 8.41,-72.44 8.00,-72.36 7.63,-72.48 7.42,-72.44 7.34,-72.20 6.99,-71.96 7.09,-70.67 6.96,-70.09 6.10,-69.39 6.21,-68.99 6.15,-68.27 6.27,-67.70 6.10,-67.34 5.56,-67.52 5.22,-67.74 4.50,-67.82 3.84,-67.62 3.54,-67.34 3.32,-67.30 2.82,-67.81 2.60,-67.45 2.25,-67.18
Panama	8.72,-80.35	8.67,-77.35 8.52,-77.47 7.94,-77.24 7.64,-77.43 7.71,-77.75 7.22,-77.88 7.51,-78.21 8.05,-78.43 8.32,-78.18 8.39,-78.44 8.72,-78.62 9.00,-79.12 8.93,-79.56 8.58,-79.76 8.33,-80.16 8.30,-80.38 8.09,-80.48 7.55,-80.00 7.42,-80.28 7.27,-80.42 7.22,-80.89 7.82,-81.06 7.65,-81.19 7.71,-81.52 8.11,-81.72 8.18,-82.13 8.29,-82.39 8.29,-82.82 8.07,-82.85 8.23,-82.97 8.42,-82.91 8.63,-82.83 8.81,-82.87 8.93,-82.72 9.07,-82.93 9.48,-82.93 9.57,-82.55 9.21,-82.19 9.00,-82.21 8.95,-81.81 9.03,-81.71 8.79,-81.44 8.86,-80.95 9.11,-80.52 9.31,-79.91 9.61,-79.57 9.55,-79.02 9.45,-79.06 9.42,-78.50 9.25,-78.06 8.95,-77.73
Costa Rica	10.07,-84.08	9.57,-82.55 9.48,-82.93 9.07,-82.93 8.93,-82.72 8.81,-82.87 8.63,-82.83 8.42,-82.91 8.23,-82.97 8.45,-83.51 8.66,-83.71 8.83,-83.60 9.05,-83.63 9.29,-83.91 9.49,-84.30 9.62,-84.65 9.91,-84.71 10.09,-84.98 9.80,-84.91 9.56,-85.11 9.83,-85.34 9.93,-85.66 10.13,-85.80 10.44,-85.79 10.75,-85.66 10.90,-85.94 11.09,-85.71 11.22,-85.56 10.95,-84.90 11.08,-84.67 11.00,-84.36 10.79,-84.19 10.73,-83.90 10.94,-83.66 10.40,-83.40 9.99,-83.02
Nicaragua	12.67,-85.07	10.94,-83.66 10.73,-83.90 10.79,-84.19 11.00,-84.36 11.08,-84.67 10.95,-84.90 11.22,-85.56 11.09,-85.71 11.40,-86.06 11.81,-86.53 12.14,-86.75 12.46,-87.17 12.91,-87.67 13.06,-87.56 12.91,-87.39 12.98,-87.32 13.03,-87.01 13.25,-86.88 13.26,-86.73 13.75,-86.76 13.78,-86.52 13.77,-86.31 14.04,-86.10 13.84,-85.80 13.96,-85.70 14.08,-85.51 14.35,-85.17 14.56,-85.15 14.55,-85.05 14.79,-84.92 14.82,-84.82 14.67,-84.65 14.62,-84.45 14.75,-84.23 14.75,-83.98 14.88,-83.63 15.02,-83.49 15.00,-83.15 14.90,-83.23 14.68,-83.28 14.31,-83.18 13.97,-83.41 13.57,-83.52 13.13,-83.55 12.87,-83.50 12.42,-83.47 12.32,-83.63 11.89,-83.72 11.63,-83.65 11.37,-83.86 11.10,-83.81
Honduras	14.79,-86.89	15.00,-83.15 15.02,-83.49 14.88,-83.63 14.75,-83.98 14.75,-84.23 14.62,-84.45 14.67,-84.65 14.82,-84.82 14.79,-84.92 14.55,-85.05 14.56,-85.15 14.35,-85.17 14.08,-85.51 13.96,-85.70 13.84,-85.80 14.04,-86.10 13.77,-86.31 13.78,-86.52 13.75,-86.76 13.26,-86.73 13.25,-86.88 13.03,-87.01 12.98,-87.32 13.30,-87.49 13.38,-87.79 13.79,-87.72 13.89,-87.86 13.96,-88.07 13.85,-88.50 13.98,-88.54 14.14,-88.84 14.34,-89.06 14.42,-89.35 14.68,-89.15 14.87,-89.23 15.07,-89.15 15.35,-88.68 15.73,-88.23 15.69,-88.12 15.86,-87.90 15.88,-87.62 15.80,-87.52 15.85,-87.37 15.76,-86.90 15.78,-86.44 15.89,-86.12 16.01,-86.00 15.95,-85.68 15.89,-85.44 15.91,-85.18 16.00,-84.98 15.86,-84.53 15.84,-84.37 15.65,-84.06 15.42,-83.77 15.27,-83.41
El Salvador	13.69,-88.89	14.42,-89.35 14.34,-89.06 14.14,-88.84 13.98,-88.54 13.85,-88.50 13.96,-88.07 13.89,-87.86 13.79,-87.72 13.38,-87.79 13.15,-87.90 13.16,-88.48 13.26,-88.84 13.46,-89.26 13.52,-89.81 13.74,-90.10 13.88,-90.06 14.13,-89.72 14.24,-89.53 14.36,-89.59
Guatemala	14.98,-90.50	14.54,-92.23 14.83,-92.20 15.06,-92.09 15.25,-92.23 16.07,-91.75 16.07,-90.46 16.41,-90.44 16.47,-90.60 16.69,-90.71 16.92,-91.08 17.25,-91.45 17.25,-91.00 17.82,-91.00 17.82,-90.07 17.81,-89.14 17.02,-89.15 15.89,-89.23 15.89,-88.93 15.71,-88.60 15.86,-88.52 15.73,-88.23 15.35,-88.68 15.07,-89.15 14.87,-89.23 14.68,-89.15 14.42,-89.35 14.36,-89.59 14.24,-89.53 14.13,-89.72 13.88,-90.06 13.74,-90.10 13.91,-90.61 13.93,-91.23 14.13,-91.69
Belize	17.20,-88.71	17.81,-89.14 17.96,-89.15 18.00,-89.03 17.88,-88.85 18.49,-88.49 18.50,-88.30 18.35,-88.30 18.35,-88.11 18.08,-88.12 17.64,-88.29 17.49,-88.20 17.13,-88.30 17.04,-88.24 16.53,-88.36 16.27,-88.55 16.23,-88.73 15.89,-88.93 15.89,-89.23 17.02,-89.15
Venezuela	7.18,-64.60	5.20,-60.73 4.92,-60.60 4.54,-60.97 4.16,-62.09 4.01,-62.80 3.77,-63.09 4.02,-63.89 4.15,-64.63 4.06,-64.82 3.80,-64.37 3.13,-64.41 2.50,-64.27 2.41,-63.42 2.20,-63.37 1.92,-64.08 1.49,-64.20 1.33,-64.61 1.10,-65.35 0.79,-65.55 0.72,-66.33 1.25,-66.88 2.25,-67.18 2.60,-67.45 2.82,-67.81 3.32,-67.30 3.54,-67.34 3.84,-67.62 4.50,-67.82 5.22,-67.74 5.56,-67.52 6.10,-67.34 6.27,-67.70 6.15,-68.27 6.21,-68.99 6.10,-69.39 6.96,-70.09 7.09,-70.67 6.99,-71.96 7.34,-72.20 7.42,-72.44 7.63,-72.48 8.00,-72.36 8.41,-72.44 8.63,-72.66 9.09,-72.79 9.15,-73.30 9.74,-73.03 10.45,-72.91 10.82,-72.61 11.11,-72.23 11.61,-71.97 11.78,-71.33 11.54,-71.36 11.42,-71.95 10.97,-71.62 10.45,-71.63 9.87,-72.07 9.07,-71.70 9.14,-71.26 9.86,-71.04 10.21,-71.35 10.97,-71.40 11.38,-70.16 11.85,-70.29 12.16,-69.94 11.46,-69.58 11.44,-68.88 10.89,-68.23 10.55,-68.19 10.55,-67.30 10.65,-66.23 10.20,-65.66 10.08,-64.89 10.39,-64.33 10.64,-64.32 10.70,-63.08 10.72,-61.88 10.42,-62.73 9.95,-62.39 9.87,-61.59 9.38,-60.83 8.58,-60.67 8.60,-60.15 8.37,-59.76 7.78,-60.55 7.42,-60.64 7.04,-60.30 6.86,-60.54 6.70,-61.16 6.23,-61.14 5.96,-61.41
Guyana	5.12,-58.94	1.90,-56.54 1.86,-56.78 1.95,-57.34 1.68,-57.66 1.51,-58.11 1.46,-58.43 1.27,-58.54 1.32,-59.03 1.79,-59.65 2.25,-59.72 2.76,-59.97 3.61,-59.82 3.96,-59.54 4.42,-59.77 4.57,-60.11 5.01,-59.98 5.24,-60.21 5.20,-60.73 5.96,-61.41 6.23,-61.14 6.70,-61.16 6.86,-60.54 7.04,-60.30 7.42,-60.64 7.78,-60.55 8.37,-59.76 8.00,-59.10 7.35,-58.48 6.83,-58.45 6.81,-58.08 6.32,-57.54 5.97,-57.15 5.07,-57.31 4.81,-57.91 4.58,-57.86 4.06,-58.04 3.33,-57.60 3.33,-57.28 2.77,-57.15
Suriname	4.14,-55.91	2.31,-54.52 2.52,-55.10 2.42,-55.57 2.51,-55.97 2.22,-56.07 2.02,-55.91 1.82,-56.00 1.90,-56.54 2.77,-57.15 3.33,-57.28 3.33,-57.60 4.06,-58.04 4.58,-57.86 4.81,-57.91 5.07,-57.31 5.97,-57.15 5.77,-55.95 5.95,-55.84 6.03,-55.03 5.76,-53.96 4.90,-54.48 4.21,-54.40 3.62,-54.01 3.19,-54.18 2.73,-54.27
France	46.70,2.55	4.16,-51.66 3.24,-52.25 2.50,-52.56 2.12,-52.94 2.05,-53.42 2.33,-53.55 2.38,-53.78 2.11,-54.09 2.31,-54.52 2.73,-54.27 3.19,-54.18 3.62,-54.01 4.21,-54.40 4.90,-54.48 5.76,-53.96 5.65,-53.62 5.41,-52.88 4.57,-51.82
France	46.70,2.55	49.46,6.19 49.20,6.66 49.02,8.10 48.33,7.59 47.62,7.47 47.45,7.19 47.54,6.74 47.29,6.77 46.73,6.04 46.27,6.02 46.43,6.50 45.99,6.84 45.71,6.80 45.33,7.10 45.03,6.75 44.25,7.01 44.13,7.55 43.69,7.44 43.13,6.53 43.40,4.56 43.08,3.10 42.47,2.99 42.34,1.83 42.80,0.70 42.58,0.34 43.03,-1.50 43.42,-1.90 44.02,-1.38 46.01,-1.19 47.06,-2.23 47.57,-2.96 47.95,-4.49 48.68,-4.59 48.90,-3.30 48.64,-1.62 49.78,-1.93 49.35,-0.99 50.13,1.34 50.95,1.64 51.15,2.51 50.80,2.66 50.78,3.12 50.38,3.59 49.91,4.29 49.99,4.80 49.53,5.67 49.44,5.90
France	46.70,2.55	42.63,8.75 43.01,9.39 42.15,9.56 41.38,9.23 41.58,8.78 42.26,8.54
Ecuador	-1.26,-78.19	-0.15,-75.37 -0.91,-75.23 -1.56,-75.54 -2.61,-76.64 -3.00,-77.84 -3.87,-78.45 -4.55,-78.64 -4.96,-79.21 -4.45,-79.62 -4.35,-80.03 -4.43,-80.44 -4.06,-80.47 -3.82,-80.18 -3.40,-80.30 -2.66,-79.77 -2.22,-79.99 -2.69,-80.37 -2.25,-80.97 -1.97,-80.76 -1.06,-80.93 -0.91,-80.58 -0.28,-80.40 0.36,-80.02 0.77,-80.09 0.98,-79.54 1.38,-78.86 0.81,-77.86 0.83,-77.67 0.40,-77.42 0.26,-76.58 0.42,-76.29 0.08,-75.80
Puerto Rico	18.23,-66.48	18.51,-66.28 18.43,-65.77 18.23,-65.59 17.98,-65.85 17.98,-66.60 17.95,-67.18 18.37,-67.24 18.52,-67.10
Jamaica	18.14,-77.32	18.49,-77.57 18.40,-76.90 18.16,-76.37 17.89,-76.20 17.87,-76.90 17.70,-77.21 17.86,-77.77 18.23,-78.34 18.45,-78.22 18.52,-77.80
Cuba	21.33,-77.98	23.19,-82.27 23.12,-81.40 23.11,-80.62 22.77,-79.68 22.40,-79.28 22.51,-78.35 22.28,-77.99 21.66,-77.15 21.21,-76.52 21.22,-76.19 21.02,-75.60 20.74,-75.67 20.69,-74.93 20.28,-74.18 20.05,-74.30 19.92,-74.96 19.87,-75.63 19.95,-76.32 19.86,-77.76 20.41,-77.09 20.67,-77.49 20.74,-78.14 21.03,-78.48 21.60,-78.72 21.56,-79.28 21.83,-80.22 22.04,-80.52 22.19,-81.82 22.39,-82.17 22.64,-81.80 22.69,-82.78 22.17,-83.49 22.15,-83.91 21.91,-84.05 21.80,-84.55 21.90,-84.97 22.20,-84.45 22.57,-84.23 22.79,-83.78 22.98,-83.27 23.08,-82.51
Zimbabwe	-18.91,29.93	-22.25,31.19 -22.15,30.66 -22.27,30.32 -22.10,29.84 -22.09,29.43 -21.64,28.79 -21.49,28.02 -20.85,27.73 -20.50,27.72 -20.39,27.30 -19.29,26.16 -18.71,25.85 -18.54,25.65 -17.74,25.26 -17.85,26.38 -17.96,26.71 -17.94,27.04 -17.29,27.60 -16.47,28.47 -16.39,28.83 -16.04,28.95 -15.64,29.52 -15.51,30.27 -15.88,30.34 -15.86,31.17 -16.07,31.64 -16.32,31.85 -16.39,32.33 -16.71,32.85 -17.98,32.85 -18.67,32.65 -19.42,32.61 -19.72,32.77 -20.30,32.66 -20.40,32.51 -21.12,32.24
Botswana	-22.10,24.18	-22.09,29.43 -22.83,28.02 -23.57,27.12 -24.24,26.79 -24.62,26.49 -24.70,25.94 -25.17,25.77 -25.49,25.66 -25.72,25.03 -25.67,24.21 -25.39,23.73 -25.27,23.31 -25.50,22.82 -25.98,22.58 -26.28,22.11 -26.73,21.61 -26.83,20.89 -26.48,20.67 -25.87,20.76 -24.92,20.17 -24.77,19.90 -21.85,19.90 -21.81,20.88 -18.25,20.91 -18.22,21.66 -17.87,23.20 -18.28,23.58 -17.89,24.22 -17.89,24.52 -17.66,25.08 -17.74,25.26 -18.54,25.65 -18.71,25.85 -19.29,26.16 -20.39,27.30 -20.50,27.72 -20.85,27.73 -21.49,28.02 -21.64,28.79
Namibia	-20.58,17.11	-24.77,19.90 -28.46,19.89 -28.97,19.00 -29.05,18.46 -28.86,17.84 -28.78,17.39 -28.36,17.22 -28.08,16.82 -28.58,16.34 -27.82,15.60 -27.09,15.21 -26.12,14.99 -25.39,14.74 -23.85,14.41 -22.66,14.39 -22.11,14.26 -21.70,13.87 -20.87,13.35 -19.67,12.83 -19.05,12.61 -18.07,11.79 -17.30,11.73 -17.11,12.22 -16.94,12.81 -16.97,13.46 -17.42,14.06 -17.35,14.21 -17.31,18.26 -17.79,18.96 -17.93,21.38 -17.52,23.22 -17.30,24.03 -17.35,24.68 -17.58,25.08 -17.66,25.08 -17.89,24.52 -17.89,24.22 -18.28,23.58 -17.87,23.20 -18.22,21.66 -18.25,20.91 -21.81,20.88 -21.85,19.90
Senegal	15.14,-14.78	13.59,-16.71 14.37,-17.13 14.73,-17.63 14.92,-17.19 15.62,-16.70 16.14,-16.46 16.46,-16.12 16.37,-15.62 16.59,-15.14 16.60,-14.58 16.30,-14.10 16.04,-13.44 15.30,-12.83 14.62,-12.17 13.99,-12.12 13.42,-11.93 13.14,-11.55 12.75,-11.47 12.44,-11.51 12.39,-11.66 12.47,-12.20 12.35,-12.28 12.33,-12.50 12.58,-13.22 12.59,-13.70 12.63,-15.55 12.52,-15.82 12.55,-16.15 12.38,-16.68 13.15,-16.84 13.13,-15.93 13.27,-15.69 13.28,-15.51 13.51,-15.14 13.30,-14.71 13.28,-14.28 13.51,-13.84 13.79,-14.05 13.63,-14.38 13.63,-14.69 13.88,-15.08 13.86,-15.40 13.62,-15.62
Mali	18.69,-2.04	12.44,-11.51 12.75,-11.47 13.14,-11.55 13.42,-11.93 13.99,-12.12 14.62,-12.17 14.80,-11.83 15.39,-11.67 15.41,-11.35 15.13,-10.65 15.33,-10.09 15.26,-9.70 15.49,-9.55 15.50,-5.54 16.20,-5.32 16.33,-5.49 20.64,-5.97 24.96,-6.45 24.97,-4.92 22.79,-1.55 20.61,1.82 20.14,2.06 19.86,2.68 19.69,3.15 19.06,3.16 19.16,4.27 16.85,4.27 16.18,3.72 15.57,3.64 15.41,2.75 15.32,1.39 14.97,1.02 14.93,0.37 14.92,-0.27 15.12,-0.52 14.97,-1.07 14.56,-2.00 14.25,-2.19 13.80,-2.97 13.54,-3.10 13.34,-3.52 13.47,-4.01 13.23,-4.28 12.54,-4.43 11.71,-5.22 11.38,-5.20 10.95,-5.47 10.37,-5.40 10.22,-5.82 10.10,-6.05 10.52,-6.21 10.41,-6.49 10.43,-6.67 10.14,-6.85 10.15,-7.62 10.30,-7.90 10.21,-8.03 10.49,-8.34 10.79,-8.28 10.91,-8.41 10.81,-8.62 11.14,-8.58 11.39,-8.38 11.81,-8.79 12.09,-8.91 12.31,-9.13 12.33,-9.33 12.19,-9.57 12.06,-9.89 11.84,-10.17 11.92,-10.59 12.18,-10.87 12.21,-11.04 12.08,-11.30 12.08,-11.46
Mauritania	19.59,-9.74	21.00,-17.06 21.33,-16.85 21.33,-12.93 22.77,-13.12 23.28,-12.87 23.37,-11.94 25.93,-11.97 25.88,-8.69 27.40,-8.68 24.97,-4.92 24.96,-6.45 20.64,-5.97 16.33,-5.49 16.20,-5.32 15.50,-5.54 15.49,-9.55 15.26,-9.70 15.33,-10.09 15.13,-10.65 15.41,-11.35 15.39,-11.67 14.80,-11.83 14.62,-12.17 15.30,-12.83 16.04,-13.44 16.30,-14.10 16.60,-14.58 16.59,-15.14 16.37,-15.62 16.46,-16.12 16.14,-16.46 16.67,-16.55 17.17,-16.27 18.11,-16.15 19.10,-16.26 19.59,-16.38 20.09,-16.28 20.57,-16.54
Benin	10.32,2.35	6.26,2.69 6.14,1.87 6.83,1.62 9.13,1.66 9.33,1.46 9.83,1.43 10.18,1.08 10.47,0.77 11.00,0.90 11.11,1.24 11.55,1.45 11.64,1.94 11.94,2.15 12.23,2.49 12.24,2.85 11.66,3.61 11.33,3.57 10.73,3.80 10.33,3.60 10.06,3.71 9.44,3.22 9.14,2.91 8.51,2.72 7.87,2.75
Niger	17.45,9.50	22.86,14.85 21.31,15.10 21.05,15.47 20.73,15.49 20.39,15.90 19.96,15.69 17.93,15.30 16.63,15.25 15.68,13.97 14.37,13.54 14.00,13.96 13.35,13.95 13.33,14.60 12.86,14.50 12.80,14.21 12.48,14.18 12.46,14.00 13.56,13.32 13.60,13.08 13.04,12.30 13.33,11.53 13.39,10.99 13.25,10.70 13.28,10.11 12.85,9.52 12.83,9.01 13.34,7.80 13.10,7.33 13.12,6.82 13.49,6.45 13.87,5.44 13.75,4.37 13.53,4.11 12.96,3.97 12.55,3.68 11.66,3.61 12.24,2.85 12.23,2.49 11.94,2.15 12.63,2.18 12.85,1.02 13.34,0.99 13.99,0.43 14.44,0.30 14.93,0.37 14.97,1.02 15.32,1.39 15.41,2.75 15.57,3.64 16.18,3.72 16.85,4.27 19.16,4.27 19.60,5.68 21.57,8.57 23.47,12.00 23.04,13.58 22.49,14.14
Nigeria	9.44,7.50	6.26,2.69 7.87,2.75 8.51,2.72 9.14,2.91 9.44,3.22 10.06,3.71 10.33,3.60 10.73,3.80 11.33,3.57 11.66,3.61 12.55,3.68 12.96,3.97 13.53,4.11 13.75,4.37 13.87,5.44 13.49,6.45 13.12,6.82 13.10,7.33 13.34,7.80 12.83,9.01 12.85,9.52 13.28,10.11 13.25,10.70 13.39,10.99 13.33,11.53 13.04,12.30 13.60,13.08 13.56,13.32 12.46,14.00 12.48,14.18 12.09,14.58 11.90,14.47 11.57,14.42 10.80,13.57 10.16,13.31 9.64,13.17 9.42,12.96 8.72,12.75 8.31,12.22 7.80,12.06 7.40,11.84 6.98,11.75 6.64,11.06 7.06,10.50 7.04,10.12 6.45,9.52 6.44,9.23 5.48,8.76 4.77,8.50 4.41,7.46 4.46,7.08 4.24,6.70 4.26,5.90 4.89,5.36 5.61,5.03 6.27,4.33 6.26,3.57
Cameroon	4.59,12.47	12.86,14.50 12.22,14.89 11.56,14.96 10.89,14.92 9.98,15.47 9.99,14.91 9.92,14.63 10.02,14.17 9.55,13.95 8.97,14.54 8.80,14.98 8.38,15.12 7.69,15.44 7.42,15.28 6.41,14.78 6.23,14.54 5.45,14.46 5.03,14.56 4.73,14.48 4.21,14.95 3.85,15.04 3.34,15.41 3.01,15.86 2.56,15.91 2.27,16.01 1.73,15.94 1.96,15.15 2.23,14.34 2.27,13.08 2.32,12.95 2.19,12.36 2.33,11.75 2.26,11.28 2.28,9.65 3.07,9.80 3.73,9.40 3.90,8.95 4.35,8.74 4.50,8.49 4.77,8.50 5.48,8.76 6.44,9.23 6.45,9.52 7.04,10.12 7.06,10.50 6.64,11.06 6.98,11.75 7.40,11.84 7.80,12.06 8.31,12.22 8.72,12.75 9.42,12.96 9.64,13.17 10.16,13.31 10.80,13.57 11.57,14.42 11.90,14.47 12.09,14.58 12.48,14.18 12.80,14.21
Togo	8.81,1.06	11.00,0.90 10.47,0.77 10.18,1.08 9.83,1.43 9.33,1.46 9.13,1.66 6.83,1.62 6.14,1.87 5.93,1.06 6.28,0.84 6.91,0.57 7.41,0.49 8.31,0.71 8.68,0.46 9.47,0.37 10.19,0.37 10.71,-0.05 11.02,0.02
Ghana	7.72,-1.04	11.02,0.02 10.71,-0.05 10.19,0.37 9.47,0.37 8.68,0.46 8.31,0.71 7.41,0.49 6.91,0.57 6.28,0.84 5.93,1.06 5.34,-0.51 5.00,-1.06 4.71,-1.96 4.99,-2.86 5.39,-2.81 6.25,-3.24 7.38,-2.98 8.22,-2.56 9.64,-2.83 10.40,-2.96 10.96,-2.94 11.01,-1.20 10.94,-0.76 11.10,-0.44
Côte d'Ivoire	7.49,-5.57	10.21,-8.03 10.30,-7.90 10.15,-7.62 10.14,-6.85 10.43,-6.67 10.41,-6.49 10.52,-6.21 10.10,-6.05 10.22,-5.82 10.37,-5.40 10.15,-4.95 9.82,-4.78 9.61,-4.33 9.86,-3.98 9.90,-3.51 9.64,-2.83 8.22,-2.56 7.38,-2.98 6.25,-3.24 5.39,-2.81 4.99,-2.86 4.98,-3.31 5.18,-4.01 5.17,-4.65 4.99,-5.83 4.71,-6.53 4.34,-7.52 4.36,-7.71 5.19,-7.64 5.31,-7.54 5.71,-7.57 6.13,-7.99 6.19,-8.31 6.47,-8.60 6.91,-8.39 7.40,-8.49 7.69,-8.44 7.69,-8.28 8.12,-8.22 8.32,-8.30 8.46,-8.20 8.58,-7.83 9.38,-8.08 9.79,-8.31 10.13,-8.23
Guinea	10.62,-10.02	12.59,-13.70 12.58,-13.22 12.33,-12.50 12.35,-12.28 12.47,-12.20 12.39,-11.66 12.44,-11.51 12.08,-11.46 12.08,-11.30 12.21,-11.04 12.18,-10.87 11.92,-10.59 11.84,-10.17 12.06,-9.89 12.19,-9.57 12.33,-9.33 12.31,-9.13 12.09,-8.91 11.81,-8.79 11.39,-8.38 11.14,-8.58 10.81,-8.62 10.91,-8.41 10.79,-8.28 10.49,-8.34 10.21,-8.03 10.13,-8.23 9.79,-8.31 9.38,-8.08 8.58,-7.83 8.46,-8.20 8.32,-8.30 8.12,-8.22 7.69,-8.28 7.69,-8.44 7.71,-8.72 7.31,-8.93 7.31,-9.21 7.53,-9.40 7.93,-9.34 8.54,-9.76 8.43,-10.02 8.41,-10.23 8.35,-10.51 8.72,-10.49 8.98,-10.65 9.27,-10.62 9.69,-10.84 10.05,-11.12 10.05,-11.92 9.86,-12.15 9.84,-12.43 9.62,-12.60 9.34,-12.71 8.90,-13.25 9.49,-13.69 9.89,-14.07 10.02,-14.33 10.21,-14.58 10.66,-14.69 10.88,-14.84 11.04,-15.13 11.53,-14.69 11.51,-14.38 11.68,-14.12 11.68,-13.90 11.81,-13.74 12.14,-13.83 12.25,-13.72
Guinea-Bissau	12.16,-14.52	12.38,-16.68 12.55,-16.15 12.52,-15.82 12.63,-15.55 12.59,-13.70 12.25,-13.72 12.14,-13.83 11.81,-13.74 11.68,-13.90 11.68,-14.12 11.51,-14.38 11.53,-14.69 11.04,-15.13 11.46,-15.66 11.52,-16.09 11.81,-16.31 11.96,-16.31 12.17,-16.61
Liberia	6.45,-9.46	7.69,-8.44 7.40,-8.49 6.91,-8.39 6.47,-8.60 6.19,-8.31 6.13,-7.99 5.71,-7.57 5.31,-7.54 5.19,-7.64 4.36,-7.71 4.36,-7.97 4.83,-9.00 5.59,-9.91 6.14,-10.77 6.79,-11.44 7.11,-11.20 7.40,-11.15 7.94,-10.70 8.41,-10.23 8.43,-10.02 8.54,-9.76 7.93,-9.34 7.53,-9.40 7.31,-9.21 7.31,-8.93 7.71,-8.72
Sierra Leone	8.62,-11.76	8.90,-13.25 9.34,-12.71 9.62,-12.60 9.84,-12.43 9.86,-12.15 10.05,-11.92 10.05,-11.12 9.69,-10.84 9.27,-10.62 8.98,-10.65 8.72,-10.49 8.35,-10.51 8.41,-10.23 7.94,-10.70 7.40,-11.15 7.11,-11.20 6.79,-11.44 6.86,-11.71 7.26,-12.43 7.80,-12.95 8.16,-13.12
Burkina Faso	12.67,-1.36	10.37,-5.40 10.95,-5.47 11.38,-5.20 11.71,-5.22 12.54,-4.43 13.23,-4.28 13.47,-4.01 13.34,-3.52 13.54,-3.10 13.80,-2.97 14.25,-2.19 14.56,-2.00 14.97,-1.07 15.12,-0.52 14.92,-0.27 14.93,0.37 14.44,0.30 13.99,0.43 13.34,0.99 12.85,1.02 12.63,2.18 11.94,2.15 11.64,1.94 11.55,1.45 11.11,1.24 11.00,0.90 11.02,0.02 11.10,-0.44 10.94,-0.76 11.01,-1.20 10.96,-2.94 10.40,-2.96 9.64,-2.83 9.90,-3.51 9.86,-3.98 9.61,-4.33 9.82,-4.78 10.15,-4.95
Central African Rep.	6.99,20.91	5.23,27.37 5.13,27.04 5.15,26.40 5.26,25.65 5.17,25.28 4.93,25.13 4.90,24.81 5.11,24.41 4.61,23.30 4.71,22.84 4.63,22.70 4.03,22.41 4.22,21.66 4.32,20.93 4.69,20.29 5.03,19.47 4.71,18.93 4.20,18.54 3.50,18.45 3.56,17.81 3.73,17.13 3.20,16.54 2.27,16.01 2.56,15.91 3.01,15.86 3.34,15.41 3.85,15.04 4.21,14.95 4.73,14.48 5.03,14.56 5.45,14.46 6.23,14.54 6.41,14.78 7.42,15.28 7.50,16.11 7.75,16.29 7.73,16.46 7.51,16.71 7.89,17.96 8.28,18.39 8.63,18.91 8.98,18.81 9.07,19.09 9.01,20.06 9.48,21.00 10.57,21.72 10.97,22.23 11.14,22.86 10.71,22.98 10.09,23.55 9.68,23.56 9.27,23.39 8.95,23.46 8.67,23.81 8.23,24.57 7.83,25.11 7.50,25.12 6.98,25.80 6.55,26.21 5.95,26.47 5.55,27.21
Congo	0.14,15.90	3.50,18.45 2.90,18.39 2.37,18.09 1.74,17.90 0.86,17.77 0.29,17.83 -0.06,17.66 -0.42,17.64 -0.74,17.52 -1.23,16.87 -1.74,16.41 -2.71,15.97 -3.54,16.01 -3.86,15.75 -4.34,15.17 -4.97,14.58 -4.79,14.21 -4.51,14.14 -4.50,13.60 -4.88,13.26 -4.78,13.00 -4.44,12.62 -4.61,12.32 -5.04,11.91 -3.98,11.09 -3.43,11.86 -2.77,11.48 -2.51,11.82 -2.39,12.50 -1.95,12.58 -2.43,13.11 -2.47,13.99 -2.00,14.30 -1.33,14.43 -0.55,14.32 0.04,13.84 1.20,14.28 1.40,14.03 1.31,13.28 1.83,13.00 2.27,13.08 2.23,14.34 1.96,15.15 1.73,15.94 2.27,16.01 3.20,16.54 3.73,17.13 3.56,17.81
Gabon	-0.44,11.84	2.26,11.28 2.33,11.75 2.19,12.36 2.32,12.95 2.27,13.08 1.83,13.00 1.31,13.28 1.40,14.03 1.20,14.28 0.04,13.84 -0.55,14.32 -1.33,14.43 -2.00,14.30 -2.47,13.99 -2.43,13.11 -1.95,12.58 -2.39,12.50 -2.51,11.82 -2.77,11.48 -3.43,11.86 -3.98,11.09 -2.97,10.07 -2.14,9.41 -1.11,8.80 -0.78,8.83 -0.46,9.05 0.27,9.29 1.01,9.49 1.07,9.83 1.06,11.29
Eq. Guinea	2.33,8.99	2.28,9.65 2.26,11.28 1.06,11.29 1.07,9.83 1.01,9.49 1.16,9.31
Zambia	-14.66,26.40	-8.34,30.74 -8.59,31.16 -8.76,31.56 -8.93,32.19 -9.23,32.76 -9.68,33.23 -10.53,33.49 -10.80,33.32 -11.61,33.11 -12.44,33.31 -12.78,32.99 -13.71,32.69 -13.97,33.21 -14.80,30.18 -15.51,30.27 -15.64,29.52 -16.04,28.95 -16.39,28.83 -16.47,28.47 -17.29,27.60 -17.94,27.04 -17.96,26.71 -17.85,26.38 -17.74,25.26 -17.66,25.08 -17.58,25.08 -17.35,24.68 -17.30,24.03 -17.52,23.22 -16.90,22.56 -16.08,21.89 -12.90,21.93 -12.91,24.02 -12.57,23.93 -12.19,24.08 -11.72,23.90 -11.24,24.02 -10.93,23.91 -10.95,24.26 -11.26,24.31 -11.24,24.78 -11.33,25.42 -11.78,25.75 -11.92,26.55 -11.61,27.16 -12.13,27.39 -12.27,28.16 -12.70,28.52 -13.25,28.93 -13.26,29.70 -12.18,29.62 -12.36,29.34 -11.97,28.64 -11.79,28.37 -10.79,28.50 -9.61,28.67 -9.16,28.45 -8.53,28.73 -8.41,29.00 -8.24,30.35
Malawi	-13.39,33.61	-9.23,32.76 -9.42,33.74 -9.69,33.94 -10.16,34.28 -11.52,34.56 -12.28,34.28 -13.58,34.56 -13.57,34.91 -13.89,35.27 -14.61,35.69 -15.90,35.77 -16.11,35.34 -16.80,35.03 -16.18,34.38 -15.48,34.31 -15.01,34.52 -14.61,34.46 -14.36,34.06 -14.45,33.79 -13.97,33.21 -13.71,32.69 -12.78,32.99 -12.44,33.31 -11.61,33.11 -10.80,33.32 -10.53,33.49 -9.68,33.23
Mozambique	-13.94,37.84	-11.52,34.56 -11.44,35.31 -11.72,36.51 -11.59,36.78 -11.57,37.47 -11.27,37.83 -11.29,38.43 -10.90,39.52 -10.32,40.32 -10.32,40.32 -10.32,40.32 -10.77,40.48 -11.76,40.44 -12.64,40.56 -14.20,40.60 -14.69,40.78 -15.41,40.48 -16.10,40.09 -16.72,39.45 -17.10,38.54 -17.59,37.41 -18.66,36.28 -18.84,35.90 -19.55,35.20 -19.78,34.79 -20.50,34.70 -21.25,35.18 -21.84,35.37 -22.14,35.39 -22.09,35.56 -23.07,35.53 -23.54,35.37 -23.71,35.61 -24.12,35.46 -24.48,35.04 -24.82,34.22 -25.36,33.01 -25.73,32.57 -26.15,32.66 -26.22,32.92 -26.74,32.83 -26.73,32.07 -26.29,31.99 -25.84,31.84 -25.48,31.75 -24.37,31.93 -23.66,31.67 -22.25,31.19 -21.12,32.24 -20.40,32.51 -20.30,32.66 -19.72,32.77 -19.42,32.61 -18.67,32.65 -17.98,32.85 -16.71,32.85 -16.39,32.33 -16.32,31.85 -16.07,31.64 -15.86,31.17 -15.88,30.34 -15.51,30.27 -14.80,30.18 -13.97,33.21 -14.45,33.79 -14.36,34.06 -14.61,34.46 -15.01,34.52 -15.48,34.31 -16.18,34.38 -16.80,35.03 -16.11,35.34 -15.90,35.77 -14.61,35.69 -13.89,35.27 -13.57,34.91 -13.58,34.56 -12.28,34.28
eSwatini	-26.53,31.47	-26.73,32.07 -27.18,31.87 -27.29,31.28 -26.74,30.69 -26.40,30.68 -26.02,30.95 -25.73,31.04 -25.66,31.33 -25.84,31.84 -26.29,31.99
Angola	-12.18,17.98	-4.78,13.00 -4.99,12.63 -5.25,12.47 -5.68,12.44 -5.79,12.18 -5.04,11.91 -4.61,12.32 -4.44,12.62
Angola	-12.18,17.98	-6.10,12.32 -5.97,12.74 -5.98,13.02 -5.86,13.38 -5.88,16.33 -6.62,16.57 -7.22,16.86 -7.55,17.09 -8.07,17.47 -7.99,18.13 -7.85,18.46 -7.99,19.02 -7.74,19.17 -7.16,19.42 -7.12,20.04 -6.94,20.09 -6.94,20.60 -7.30,20.51 -7.29,21.73 -7.92,21.75 -8.31,21.95 -8.91,21.80 -9.52,21.88 -9.89,22.21 -11.08,22.16 -10.99,22.40 -11.02,22.84 -10.87,23.46 -10.93,23.91 -11.24,24.02 -11.72,23.90 -12.19,24.08 -12.57,23.93 -12.91,24.02 -12.90,21.93 -16.08,21.89 -16.90,22.56 -17.52,23.22 -17.93,21.38 -17.79,18.96 -17.31,18.26 -17.35,14.21 -17.42,14.06 -16.97,13.46 -16.94,12.81 -17.11,12.22 -17.30,11.73 -16.67,11.64 -15.79,11.78 -14.88,12.12 -14.45,12.18 -13.55,12.50 -13.14,12.74 -12.48,13.31 -12.04,13.63 -11.30,13.74 -10.73,13.69 -10.37,13.39 -9.77,13.12 -9.17,12.88 -8.96,12.93 -8.56,13.24 -7.60,12.93 -6.93,12.73 -6.29,12.23
Burundi	-3.33,29.92	-2.41,30.47 -2.81,30.53 -3.03,30.74 -3.36,30.75 -3.57,30.51 -4.09,30.12 -4.45,29.75 -4.50,29.34 -3.29,29.28 -2.84,29.02 -2.92,29.63 -2.35,29.94
Israel	30.91,34.85	32.71,35.72 32.39,35.55 32.53,35.18 31.87,34.97 31.75,35.23 31.62,34.97 31.35,34.93 31.49,35.40 31.10,35.42 29.50,34.92 29.76,34.82 31.22,34.27 31.22,34.27 31.22,34.27 31.55,34.56 31.61,34.49 32.07,34.75 32.83,34.96 33.08,35.10 33.09,35.13 33.09,35.46 33.26,35.55 33.28,35.82 32.87,35.84 32.72,35.70
Lebanon	34.13,35.99	33.28,35.82 33.26,35.55 33.09,35.46 33.09,35.13 33.91,35.48 34.61,35.98 34.64,36.00 34.59,36.45 34.20,36.61 33.82,36.07
Madagascar	-18.63,46.70	-12.47,49.54 -12.90,49.81 -13.56,50.06 -14.76,50.22 -15.23,50.48 -15.71,50.38 -16.00,50.20 -15.41,49.86 -15.71,49.67 -16.45,49.86 -16.88,49.77 -17.11,49.50 -17.95,49.44 -19.12,49.04 -20.50,48.55 -22.39,47.93 -23.78,47.55 -24.94,47.10 -25.18,46.28 -25.60,45.41 -25.35,44.83 -24.99,44.04 -24.46,43.76 -23.57,43.70 -22.78,43.35 -22.06,43.25 -21.34,43.43 -21.16,43.89 -20.83,43.90 -20.07,44.37 -19.44,44.46 -18.96,44.23 -18.33,44.04 -17.41,43.96 -16.85,44.31 -16.22,44.45 -16.18,44.94 -15.97,45.50 -15.79,45.87 -15.78,46.31 -15.21,46.88 -14.59,47.71 -14.09,48.01 -13.66,47.87 -13.78,48.29 -13.09,48.85 -12.49,48.86 -12.04,49.19
Palestine	32.05,35.29	31.49,35.40 31.35,34.93 31.62,34.97 31.75,35.23 31.87,34.97 32.53,35.18 32.39,35.55 31.78,35.55
Gambia	13.64,-15.00	13.59,-16.71 13.62,-15.62 13.86,-15.40 13.88,-15.08 13.63,-14.69 13.63,-14.38 13.79,-14.05 13.51,-13.84 13.28,-14.28 13.30,-14.71 13.51,-15.14 13.28,-15.51 13.27,-15.69 13.13,-15.93 13.15,-16.84
Tunisia	33.69,9.01	30.31,9.48 32.10,9.06 32.51,8.44 32.75,8.43 33.34,7.61 34.10,7.52 34.66,8.14 35.48,8.38 36.43,8.22 36.95,8.42 37.35,9.51 37.23,10.21 36.72,10.18 37.09,11.03 36.90,11.10 36.41,10.60 35.95,10.59 35.70,10.94 34.83,10.81 34.33,10.15 33.79,10.34 33.77,10.86 33.29,11.11 33.14,11.49 32.37,11.43 32.08,10.94 31.76,10.64 31.38,9.95 30.96,10.06 30.54,9.97
Algeria	27.40,2.81	27.40,-8.68 27.59,-8.67 27.66,-8.67 28.84,-8.67 29.58,-7.06 29.73,-6.06 30.00,-5.24 30.50,-4.86 30.90,-3.69 31.64,-3.65 31.72,-3.07 32.09,-2.62 32.26,-1.31 32.65,-1.12 32.86,-1.39 33.92,-1.73 34.53,-1.79 35.17,-2.17 35.71,-1.21 35.89,-0.13 36.30,0.50 36.61,1.47 36.78,3.16 36.87,4.82 36.72,5.32 37.11,6.26 37.12,7.33 36.89,7.74 36.95,8.42 36.43,8.22 35.48,8.38 34.66,8.14 34.10,7.52 33.34,7.61 32.75,8.43 32.51,8.44 32.10,9.06 30.31,9.48 29.42,9.81 28.96,9.86 28.14,9.68 27.69,9.76 27.14,9.63 26.51,9.72 26.09,9.32 25.37,9.91 24.94,9.95 24.38,10.30 24.56,10.77 24.10,11.56 23.47,12.00 21.57,8.57 19.60,5.68 19.16,4.27 19.06,3.16 19.69,3.15 19.86,2.68 20.14,2.06 20.61,1.82 22.79,-1.55 24.97,-4.92
Jordan	30.81,36.38	32.39,35.55 32.71,35.72 32.31,36.83 33.38,38.79 32.16,39.20 32.01,39.00 31.51,37.00 30.51,38.00 30.34,37.67 30.00,37.50 29.87,36.74 29.51,36.50 29.20,36.07 29.36,34.96 29.50,34.92 31.10,35.42 31.49,35.40 31.78,35.55
United Arab Emirates	23.47,54.55	24.25,51.58 24.29,51.76 24.02,51.79 24.18,52.58 24.15,53.40 24.12,54.01 24.80,54.69 25.44,55.44 26.06,56.07 25.71,56.26 24.92,56.40 24.92,55.89 24.27,55.80 24.13,55.98 23.93,55.53 23.52,55.53 23.11,55.23 22.71,55.21 22.50,55.01 23.00,52.00 24.01,51.62
Qatar	25.24,51.14	24.75,50.81 25.48,50.74 26.01,51.01 26.11,51.29 25.80,51.59 25.22,51.61 24.63,51.39 24.56,51.11
Kuwait	29.41,47.31	29.98,47.97 29.53,48.18 29.31,48.09 28.55,48.42 28.53,47.71 29.00,47.46 29.10,46.57 30.06,47.30
Iraq	33.09,43.26	32.16,39.20 33.38,38.79 34.42,41.01 35.63,41.38 36.36,41.29 36.61,41.84 37.23,42.35 37.39,42.78 37.26,43.94 37.00,44.29 37.17,44.77 35.98,45.42 35.68,46.08 35.09,46.15 34.75,45.65 33.97,45.42 33.02,46.11 32.47,47.33 31.71,47.85 30.98,47.69 30.99,48.00 30.45,48.01 29.93,48.57 29.98,47.97 30.06,47.30 29.10,46.57 29.18,44.71 31.19,41.89 31.89,40.40
Oman	22.12,57.34	22.71,55.21 23.11,55.23 23.52,55.53 23.93,55.53 24.13,55.98 24.27,55.80 24.92,55.89 24.92,56.40 24.24,56.85 23.88,57.40 23.75,58.14 23.57,58.73 22.99,59.18 22.66,59.45 22.53,59.81 22.31,59.81 21.71,59.44 21.43,59.28 21.11,58.86 20.43,58.49 20.48,58.03 20.24,57.83 19.74,57.67 19.07,57.79 18.94,57.69 18.95,57.23 18.57,56.61 18.09,56.51 17.88,56.28 17.88,55.66 17.63,55.27 17.23,55.27 16.95,54.79 17.04,54.24 16.71,53.57 16.65,53.11 17.35,52.78 19.00,52.00 20.00,55.00 22.00,55.67
Oman	22.12,57.34	25.71,56.26 26.06,56.07 26.40,56.36 26.31,56.49 25.90,56.39
Vanuatu	-15.37,166.91	-15.89,167.22 -16.47,167.84 -16.60,167.52 -16.16,167.18
Vanuatu	-15.37,166.91	-15.67,166.79 -15.39,166.65 -14.63,166.63 -14.93,167.11 -15.74,167.27 -15.61,167.00
Cambodia	12.65,104.50	12.19,102.58 13.39,102.35 14.23,102.99 14.42,104.28 14.27,105.22 13.88,106.04 14.57,106.50 14.20,107.38 13.54,107.61 12.34,107.49 11.57,105.81 10.96,106.25 10.89,105.20 10.49,104.33 10.63,103.50 11.15,103.09
Thailand	15.46,101.07	14.27,105.22 14.42,104.28 14.23,102.99 13.39,102.35 12.19,102.58 12.65,101.69 12.63,100.83 13.41,100.98 13.41,100.10 12.31,100.02 10.85,99.48 9.96,99.15 9.24,99.22 9.21,99.87 8.30,100.28 7.43,100.46 6.86,101.02 6.74,101.62 6.22,102.14 5.81,101.81 5.69,101.15 6.20,101.08 6.64,100.26 6.46,100.09 6.85,99.69 7.34,99.52 7.91,98.99 8.38,98.50 7.79,98.34 8.35,98.15 8.97,98.26 9.93,98.55 10.96,99.04 11.89,99.59 12.80,99.20 13.27,99.21 13.83,99.10 14.62,98.43 15.12,98.19 15.31,98.54 16.18,98.90 16.84,98.49 17.57,97.86 18.45,97.38 18.63,97.80 19.71,98.25 19.75,98.96 20.19,99.54 20.42,100.12 20.11,100.55 19.51,100.61 19.46,101.28 18.41,101.04 17.51,101.06 18.11,102.11 17.93,102.41 17.96,103.00 18.31,103.20 18.24,103.96 17.43,104.72 16.44,104.78 15.57,105.59 14.72,105.54
Laos	19.43,102.53	14.20,107.38 14.57,106.50 13.88,106.04 14.27,105.22 14.72,105.54 15.57,105.59 16.44,104.78 17.43,104.72 18.24,103.96 18.31,103.20 17.96,103.00 17.93,102.41 18.11,102.11 17.51,101.06 18.41,101.04 19.46,101.28 19.51,100.61 20.11,100.55 20.42,100.12 20.79,100.33 21.44,101.18 21.20,101.27 21.17,101.80 22.32,101.65 22.46,102.17 21.68,102.75 20.77,103.20 20.76,104.44 19.89,104.82 19.62,104.18 19.27,103.90 18.67,105.09 17.49,105.93 16.60,106.56 15.91,107.31 15.20,107.56
Myanmar	21.57,95.80	20.42,100.12 20.19,99.54 19.75,98.96 19.71,98.25 18.63,97.80 18.45,97.38 17.57,97.86 16.84,98.49 16.18,98.90 15.31,98.54 15.12,98.19 14.62,98.43 13.83,99.10 13.27,99.21 12.80,99.20 11.89,99.59 10.96,99.04 9.93,98.55 10.68,98.46 11.44,98.76 12.03,98.43 13.12,98.51 13.64,98.10 14.84,97.78 16.10,97.60 16.93,97.16 16.43,96.51 15.71,95.37 15.80,94.81 16.04,94.19 17.28,94.53 18.21,94.32 19.37,93.54 19.73,93.66 19.86,93.08 20.67,92.37 21.48,92.30 21.32,92.65 22.04,92.67 22.28,93.17 22.70,93.06 23.04,93.29 24.08,93.33 23.85,94.11 24.68,94.55 25.16,94.60 26.00,95.16 26.57,95.12 27.26,96.42 27.08,97.13 27.70,97.05 27.88,97.40 28.26,97.33 28.34,97.91 27.75,98.25 27.51,98.68 26.74,98.71 25.92,98.67 25.08,97.72 23.90,97.60 24.06,98.66 23.14,98.90 22.95,99.53 22.12,99.24 21.74,99.98 21.56,100.42 21.85,101.15 21.44,101.18 20.79,100.33
Vietnam	21.72,105.39	10.49,104.33 10.89,105.20 10.96,106.25 11.57,105.81 12.34,107.49 13.54,107.61 14.20,107.38 15.20,107.56 15.91,107.31 16.60,106.56 17.49,105.93 18.67,105.09 19.27,103.90 19.62,104.18 19.89,104.82 20.76,104.44 20.77,103.20 21.68,102.75 22.46,102.17 22.71,102.71 22.70,103.50 22.82,104.48 23.35,105.33 22.98,105.81 22.79,106.73 22.22,106.57 21.81,107.04 21.55,108.05 20.70,106.72 19.75,105.88 19.06,105.66 18.00,106.43 16.70,107.36 16.08,108.27 15.28,108.88 13.43,109.34 11.67,109.20 11.01,108.37 10.36,107.22 9.53,106.41 8.60,105.16 9.24,104.80 9.92,105.08
North Korea	39.89,126.44	42.22,130.78 42.22,130.78 42.22,130.78
North Korea	39.89,126.44	42.40,130.64 42.40,130.64 42.22,130.78 42.28,130.40 41.94,129.97 41.60,129.67 40.88,129.71 40.66,129.19 40.49,129.01 40.19,128.63 40.03,127.97 39.76,127.53 39.32,127.50 39.21,127.39 39.05,127.78 38.61,128.35 38.37,128.21 38.30,127.78 38.26,127.07 37.80,126.68 37.84,126.24 37.75,126.17 37.94,125.69 37.75,125.57 37.67,125.28 37.86,125.24 37.95,124.98 38.11,124.71 38.55,124.99 38.67,125.22 38.85,125.13 39.39,125.39 39.55,125.32 39.66,124.74 39.93,124.27 40.57,125.08 41.11,126.18 41.82,126.87 41.50,127.34 41.47,128.21 41.99,128.05 42.42,129.60 42.99,129.99
South Korea	36.38,128.13	37.75,126.17 37.84,126.24 37.80,126.68 38.26,127.07 38.30,127.78 38.37,128.21 38.61,128.35 37.43,129.21 36.78,129.46 35.63,129.47 35.08,129.09 34.89,128.19 34.48,127.39 34.39,126.49 34.93,126.37 35.68,126.56 36.73,126.12 36.89,126.86
Mongolia	46.00,104.15	49.30,87.75 49.47,88.81 50.33,90.71 50.80,92.23 50.50,93.10 50.48,94.15 50.01,94.82 49.98,95.81 49.73,97.26 50.42,98.23 51.01,97.83 52.05,98.86 51.63,99.98 51.52,100.89 51.26,102.07 50.51,102.26 50.09,103.68 50.28,104.62 50.41,105.89 50.27,106.89 49.79,107.87 49.28,108.48 49.29,109.40 49.13,110.66 49.38,111.58 49.54,112.90 50.25,114.36 50.14,114.96 49.81,115.49 49.89,116.68 49.13,116.19 48.14,115.49 47.73,115.74 47.85,116.31 47.70,117.30 48.07,118.06 47.75,118.87 47.05,119.77 46.69,119.66 46.81,118.87 46.67,117.42 46.39,116.72 45.73,115.99 45.34,114.46 44.81,113.46 45.01,112.44 45.10,111.87 44.46,111.35 44.07,111.67 43.74,111.83 43.41,111.13 42.87,110.41 42.52,109.24 42.48,107.74 42.13,106.13 41.60,104.96 41.91,104.52 41.91,103.31 42.51,101.83 42.66,100.85 42.52,99.52 42.75,97.45 42.73,96.35 43.32,95.76 44.24,95.31 44.35,94.69 44.98,93.48 45.12,92.13 45.29,90.95 45.72,90.59 46.89,90.97 47.69,90.28 48.07,88.85 48.60,88.01
India	22.69,79.36	28.26,97.33 27.88,97.40 27.70,97.05 27.08,97.13 27.26,96.42 26.57,95.12 26.00,95.16 25.16,94.60 24.68,94.55 23.85,94.11 24.08,93.33 23.04,93.29 22.70,93.06 22.28,93.17 22.04,92.67 23.63,92.15 23.62,91.87 22.99,91.71 23.50,91.16 24.07,91.47 24.13,91.92 24.98,92.38 25.15,91.80 25.13,90.87 25.27,89.92 25.97,89.83 26.01,89.36 26.45,88.56 25.77,88.21 25.24,88.93 24.87,88.31 24.50,88.08 24.23,88.70 23.63,88.53 22.88,88.88 22.06,89.03 21.69,88.89 21.70,88.21 21.50,86.98 20.74,87.03 20.15,86.50 19.48,85.06 18.30,83.94 17.67,83.19 17.02,82.19 16.56,82.19 16.31,81.69 15.95,80.79 15.90,80.32 15.14,80.03 13.84,80.23 13.01,80.29 12.06,79.86 10.36,79.86 10.31,79.34 9.55,78.89 9.22,79.19 8.93,78.28 8.25,77.94 7.97,77.54 8.90,76.59 10.30,76.13 11.31,75.75 11.78,75.40 12.74,74.86 13.99,74.62 14.62,74.44 15.99,73.53 17.93,73.12 19.21,72.82 20.42,72.82 21.36,72.63 20.76,71.18 20.88,70.47 22.09,69.16 22.45,69.64 22.84,69.35 23.69,68.18 24.36,68.84 24.36,71.04 25.22,70.84 25.72,70.28 26.49,70.17 26.94,69.51 27.99,70.62 27.91,71.78 28.96,72.82 29.98,73.45 30.98,74.42 31.69,74.41 32.27,75.26 32.76,74.45 33.44,74.10 34.32,73.75 34.75,74.24 34.50,75.76 34.65,76.87 35.49,77.84 34.32,78.91 33.51,78.81 32.99,79.21 32.48,79.18 32.62,78.46 31.52,78.74 30.88,79.72 30.18,81.11 29.73,80.48 28.79,80.09 28.42,81.06 27.93,82.00 27.36,83.30 27.23,84.68 26.73,85.25 26.63,86.02 26.40,87.23 26.41,88.06 26.81,88.17 27.45,88.04 27.88,88.12 28.09,88.73 27.30,88.81 27.10,88.84 26.72,89.74 26.88,90.37 26.81,91.22 26.84,92.03 27.45,92.10 27.77,91.70 27.90,92.50 28.64,93.41 29.28,94.57 29.03,95.40 29.45,96.12 28.83,96.59 28.41,96.25
Bangladesh	24.21,89.68	22.04,92.67 21.32,92.65 21.48,92.30 20.67,92.37 21.19,92.08 21.70,92.03 22.18,91.83 22.77,91.42 22.81,90.50 22.39,90.59 21.84,90.27 22.04,89.85 21.86,89.70 21.97,89.42 22.06,89.03 22.88,88.88 23.63,88.53 24.23,88.70 24.50,88.08 24.87,88.31 25.24,88.93 25.77,88.21 26.45,88.56 26.01,89.36 25.97,89.83 25.27,89.92 25.13,90.87 25.15,91.80 24.98,92.38 24.13,91.92 24.07,91.47 23.50,91.16 22.99,91.71 23.62,91.87 23.63,92.15
Bhutan	27.54,90.04	27.77,91.70 27.45,92.10 26.84,92.03 26.81,91.22 26.88,90.37 26.72,89.74 27.10,88.84 27.30,88.81 28.04,89.48 28.30,90.02 28.06,90.73 28.04,91.26
Nepal	28.30,83.64	27.88,88.12 27.45,88.04 26.81,88.17 26.41,88.06 26.40,87.23 26.63,86.02 26.73,85.25 27.23,84.68 27.36,83.30 27.93,82.00 28.42,81.06 28.79,80.09 29.73,80.48 30.18,81.11 30.42,81.53 30.12,82.33 29.46,83.34 29.32,83.90 28.84,84.23 28.64,85.01 28.20,85.82 27.97,86.95
Pakistan	29.33,68.55	35.49,77.84 34.65,76.87 34.50,75.76 34.75,74.24 34.32,73.75 33.44,74.10 32.76,74.45 32.27,75.26 31.69,74.41 30.98,74.42 29.98,73.45 28.96,72.82 27.91,71.78 27.99,70.62 26.94,69.51 26.49,70.17 25.72,70.28 25.22,70.84 24.36,71.04 24.36,68.84 23.69,68.18 23.94,67.44 24.66,67.15 25.43,66.37 25.24,64.53 25.22,62.91 25.08,61.50 26.24,61.87 26.76,63.32 27.22,63.23 27.38,62.76 28.26,62.73 28.70,61.77 29.30,61.37 29.83,60.87 29.32,62.55 29.47,63.55 29.34,64.15 29.56,64.35 29.47,65.05 29.89,66.35 30.74,66.38 31.30,66.94 31.30,67.68 31.58,67.79 31.71,68.56 31.62,68.93 31.90,69.32 32.50,69.26 33.11,69.69 33.36,70.32 34.02,69.93 33.99,70.88 34.35,71.16 34.73,71.12 35.15,71.61 35.65,71.50 36.07,71.26 36.51,71.85 36.72,72.92 36.84,74.07 37.02,74.58 37.13,75.16 36.67,75.90 35.90,76.19
Afghanistan	34.16,66.50	37.36,66.52 37.36,67.08 37.14,67.83 37.02,68.14 37.34,68.86 37.15,69.20 37.61,69.52 37.59,70.12 37.74,70.27 38.14,70.38 38.49,70.81 38.26,71.35 37.95,71.24 37.91,71.54 37.07,71.45 36.74,71.84 36.95,72.19 37.05,72.64 37.50,73.26 37.42,73.95 37.42,74.98 37.13,75.16 37.02,74.58 36.84,74.07 36.72,72.92 36.51,71.85 36.07,71.26 35.65,71.50 35.15,71.61 34.73,71.12 34.35,71.16 33.99,70.88 34.02,69.93 33.36,70.32 33.11,69.69 32.50,69.26 31.90,69.32 31.62,68.93 31.71,68.56 31.58,67.79 31.30,67.68 31.30,66.94 30.74,66.38 29.89,66.35 29.47,65.05 29.56,64.35 29.34,64.15 29.47,63.55 29.32,62.55 29.83,60.87 30.74,61.78 31.38,61.70 31.55,60.94 32.18,60.86 32.98,60.54 33.53,60.96 33.68,60.53 34.40,60.80 35.65,61.21 35.27,62.23 35.40,62.98 35.86,63.19 36.01,63.98 36.31,64.55 37.11,64.75 37.31,65.59 37.66,65.75 37.39,66.22
Tajikistan	38.20,72.59	37.14,67.83 38.16,68.39 38.90,68.18 39.14,67.44 39.58,67.70 39.53,68.54 40.09,69.01 40.73,69.33 40.96,70.67 40.50,70.46 40.22,70.60 40.24,71.01 39.94,70.65 40.10,69.56 39.53,69.46 39.60,70.55 39.28,71.78 39.43,73.68 38.51,73.93 38.61,74.26 38.38,74.86 37.99,74.83 37.42,74.98 37.42,73.95 37.50,73.26 37.05,72.64 36.95,72.19 36.74,71.84 37.07,71.45 37.91,71.54 37.95,71.24 38.26,71.35 38.49,70.81 38.14,70.38 37.74,70.27 37.59,70.12 37.61,69.52 37.15,69.20 37.34,68.86 37.02,68.14
Kyrgyzstan	41.67,74.53	42.27,70.96 42.70,71.19 42.85,71.84 42.50,73.49 43.09,73.65 43.30,74.21 42.88,75.64 42.99,76.00 42.96,77.66 42.86,79.14 42.50,79.64 42.35,80.26 42.12,80.12 41.58,78.54 41.19,78.19 41.07,76.90 40.43,76.53 40.56,75.47 40.37,74.78 39.89,73.82 39.66,73.96 39.43,73.68 39.28,71.78 39.60,70.55 39.53,69.46 40.10,69.56 39.94,70.65 40.24,71.01 40.15,71.77 40.87,73.06 41.39,71.87 41.14,71.16 41.52,70.42 42.17,71.26
Turkmenistan	39.86,58.68	41.78,52.50 42.12,52.94 42.32,54.08 42.04,54.76 41.26,55.46 41.31,55.97 41.32,57.10 41.83,56.93 42.17,57.79 42.75,58.63 42.22,59.98 41.43,60.08 41.22,60.47 41.27,61.55 41.08,61.88 40.05,62.37 39.36,63.52 38.89,64.17 38.40,65.22 37.97,66.55 37.36,66.52 37.39,66.22 37.66,65.75 37.31,65.59 37.11,64.75 36.31,64.55 36.01,63.98 35.86,63.19 35.40,62.98 35.27,62.23 35.65,61.21 36.49,61.12 36.53,60.38 37.41,59.23 37.52,58.44 38.03,57.33 38.12,56.62 37.94,56.18 37.96,55.51 37.39,54.80 37.20,53.92 37.91,53.74 38.95,53.88 39.29,53.10 39.98,53.36 40.03,52.69 40.88,52.92 40.63,53.86 40.95,54.74 41.55,54.01 42.12,53.72 41.87,52.92 41.14,52.81
Iran	32.17,54.93	29.93,48.57 30.45,48.01 30.99,48.00 30.98,47.69 31.71,47.85 32.47,47.33 33.02,46.11 33.97,45.42 34.75,45.65 35.09,46.15 35.68,46.08 35.98,45.42 37.17,44.77 37.17,44.77 37.97,44.23 38.28,44.42 39.43,44.11 39.71,44.79 39.34,44.95 38.87,45.46 38.74,46.14 38.77,46.51 39.51,47.69 39.58,48.06 39.29,48.36 38.79,48.01 38.27,48.63 38.32,48.88 37.58,49.20 37.37,50.15 36.87,50.84 36.70,52.26 36.97,53.83 37.20,53.92 37.39,54.80 37.96,55.51 37.94,56.18 38.12,56.62 38.03,57.33 37.52,58.44 37.41,59.23 36.53,60.38 36.49,61.12 35.65,61.21 34.40,60.80 33.68,60.53 33.53,60.96 32.98,60.54 32.18,60.86 31.55,60.94 31.38,61.70 30.74,61.78 29.83,60.87 29.30,61.37 28.70,61.77 28.26,62.73 27.38,62.76 27.22,63.23 26.76,63.32 26.24,61.87 25.08,61.50 25.38,59.62 25.61,58.53 25.74,57.40 26.97,56.97 27.14,56.49 26.96,55.72 26.48,54.72 26.81,53.49 27.58,52.48 27.87,51.52 28.81,50.85 30.15,50.12 29.99,49.58 30.32,48.94
Syria	35.01,38.28	32.71,35.72 32.72,35.70 32.87,35.84 33.28,35.82 33.82,36.07 34.20,36.61 34.59,36.45 34.64,36.00 35.41,35.91 35.82,36.15 36.04,36.42 36.26,36.69 36.82,36.74 36.62,37.07 36.90,38.17 36.71,38.70 36.72,39.52 37.09,40.67 37.07,41.21 37.23,42.35 36.61,41.84 36.36,41.29 35.63,41.38 34.42,41.01 33.38,38.79 32.31,36.83
Armenia	40.46,44.80	38.77,46.51 38.74,46.14 39.32,45.74 39.47,45.74 39.47,45.30 39.74,45.00 39.71,44.79 40.01,44.40 40.25,43.66 40.74,43.75 41.09,43.58 41.25,44.97 40.99,45.18 40.81,45.56 40.56,45.36 40.22,45.89 39.90,45.61 39.63,46.03 39.46,46.48
Sweden	65.86,19.02	58.86,11.03 59.43,11.47 60.12,12.30 61.29,12.63 61.80,11.99 63.13,11.93 64.07,12.58 64.05,13.57 64.45,13.92 64.79,13.56 66.19,15.11 67.30,16.11 68.01,16.77 68.01,17.73 68.57,17.99 68.41,19.88 69.07,20.03 69.11,20.65 68.62,21.98 67.94,23.54 66.40,23.57 66.01,23.90 65.72,22.18 65.03,21.21 64.41,21.37 63.61,19.78 62.75,17.85 61.34,17.12 60.64,17.83 60.08,18.79 58.95,17.87 58.72,16.83 57.04,16.45 56.10,15.88 56.20,14.67 55.41,14.10 55.36,12.94 56.31,12.63 57.44,11.79
Belarus	53.82,28.42	56.17,28.18 55.92,29.23 55.67,29.37 55.79,29.90 55.55,30.87 55.08,30.97 54.81,30.76 54.16,31.38 53.97,31.79 53.79,31.73 53.62,32.41 53.35,32.69 53.13,32.30 53.17,31.50 53.07,31.31 52.74,31.54 52.10,31.79 52.10,31.79 52.04,30.93 51.82,30.62 51.32,30.56 51.42,30.16 51.37,29.25 51.60,28.99 51.43,28.62 51.57,28.24 51.59,27.45 51.83,26.34 51.91,25.33 51.89,24.55 51.62,24.01 51.58,23.53 52.02,23.51 52.49,23.20 52.69,23.80 53.09,23.80 53.47,23.53 53.91,23.48 53.91,24.45 54.28,25.54 54.85,25.77 55.17,26.59 55.62,26.49 55.78,27.10
Ukraine	49.72,32.14	52.10,31.79 52.06,32.16 52.29,32.41 52.24,32.72 52.34,33.75 51.77,34.39 51.57,34.14 51.26,34.22 51.21,35.02 50.77,35.38 50.58,35.36 50.23,36.63 50.38,37.39 49.92,38.01 49.93,38.59 49.60,40.07 49.31,40.08 48.78,39.67 48.23,39.90 47.90,39.74 47.83,38.77 47.55,38.26 47.10,38.22 47.02,37.43 46.70,36.76 46.65,35.82 46.27,34.96 45.74,35.01 45.77,34.86 45.97,34.73 46.01,34.41 46.22,33.70 45.97,33.44 46.08,33.30 46.33,31.74 46.71,31.68 46.58,30.75 46.03,30.38 45.29,29.60 45.46,29.15 45.30,28.68 45.49,28.23 45.60,28.49 45.94,28.66 46.26,28.93 46.44,28.86 46.52,29.07 46.38,29.17 46.35,29.76 46.42,30.02 46.53,29.84 46.67,29.91 46.93,29.56 47.35,29.42 47.51,29.05 47.85,29.12 48.12,28.67 48.16,28.26 48.47,27.52 48.37,26.86 48.22,26.62 48.22,26.20 47.99,25.95 47.89,25.21 47.74,24.87 47.98,24.40 47.99,23.76 48.10,23.14 47.88,22.71 48.15,22.64 48.42,22.09 48.83,22.28 49.09,22.56 49.03,22.78 49.48,22.52 50.31,23.43 50.42,23.92 50.71,24.03 51.58,23.53 51.62,24.01 51.89,24.55 51.91,25.33 51.83,26.34 51.59,27.45 51.57,28.24 51.43,28.62 51.60,28.99 51.37,29.25 51.42,30.16 51.32,30.56 51.82,30.62 52.04,30.93
Poland	51.99,19.49	53.91,23.48 53.47,23.53 53.09,23.80 52.69,23.80 52.49,23.20 52.02,23.51 51.58,23.53 50.71,24.03 50.42,23.92 50.31,23.43 49.48,22.52 49.03,22.78 49.09,22.56 49.47,21.61 49.33,20.89 49.43,20.42 49.22,19.83 49.57,19.32 49.44,18.91 49.50,18.85 49.99,18.39 50.05,17.65 50.36,17.55 50.47,16.87 50.22,16.72 50.42,16.18 50.70,16.24 50.78,15.49 51.11,15.02 51.75,14.61 52.09,14.69 52.62,14.44 52.98,14.07 53.25,14.35 53.76,14.12 54.05,14.80 54.51,16.36 54.85,17.62 54.68,18.62 54.44,18.70 54.43,19.66 54.31,20.89 54.33,22.73 54.22,23.24
Austria	47.52,14.13	48.12,16.98 47.71,16.90 47.71,16.34 47.50,16.53 46.85,16.20 46.68,16.01 46.66,15.14 46.43,14.63 46.51,13.81 46.77,12.38 47.12,12.15 46.94,11.16 46.75,11.05 46.89,10.44 46.92,9.93 47.10,9.48 47.35,9.63 47.53,9.59 47.58,9.90 47.30,10.40 47.57,10.54 47.52,11.43 47.70,12.14 47.67,12.62 47.47,12.93 47.64,13.03 48.29,12.88 48.42,13.24 48.88,13.60 48.56,14.34 48.96,14.90 49.04,15.25 48.73,16.03 48.79,16.50 48.60,16.96 48.47,16.88
Hungary	47.09,19.45	48.42,22.09 48.15,22.64 47.88,22.71 47.67,22.10 46.99,21.63 46.32,21.02 46.13,20.22 46.17,19.60 45.91,18.83 45.91,18.83 45.76,18.46 45.95,17.63 46.38,16.88 46.50,16.56 46.84,16.37 46.85,16.20 47.50,16.53 47.71,16.34 47.71,16.90 48.12,16.98 47.87,17.49 47.76,17.86 47.88,18.70 48.08,18.78 48.11,19.17 48.27,19.66 48.20,19.77 48.33,20.24 48.56,20.47 48.62,20.80 48.32,21.87
Moldova	47.43,28.49	48.22,26.62 48.37,26.86 48.47,27.52 48.16,28.26 48.12,28.67 47.85,29.12 47.51,29.05 47.35,29.42 46.93,29.56 46.67,29.91 46.53,29.84 46.42,30.02 46.35,29.76 46.38,29.17 46.52,29.07 46.44,28.86 46.26,28.93 45.94,28.66 45.60,28.49 45.49,28.23 45.94,28.05 46.37,28.16 46.81,28.13 47.41,27.55 47.83,27.23 48.12,26.92
Romania	45.73,24.97	45.49,28.23 45.30,28.68 45.46,29.15 45.29,29.60 45.04,29.63 44.82,29.14 44.91,28.84 43.71,28.56 43.81,27.97 44.18,27.24 43.94,26.07 43.69,25.57 43.74,24.10 43.90,23.33 43.82,22.94 44.23,22.66 44.41,22.47 44.58,22.71 44.70,22.46 44.48,22.15 44.77,21.56 45.18,21.48 45.42,20.87 45.73,20.76 46.13,20.22 46.32,21.02 46.99,21.63 47.67,22.10 47.88,22.71 48.10,23.14 47.99,23.76 47.98,24.40 47.74,24.87 47.89,25.21 47.99,25.95 48.22,26.20 48.22,26.62 48.12,26.92 47.83,27.23 47.41,27.55 46.81,28.13 46.37,28.16 45.94,28.05
Lithuania	55.10,24.09	55.62,26.49 55.17,26.59 54.85,25.77 54.28,25.54 53.91,24.45 53.91,23.48 54.22,23.24 54.33,22.73 54.58,22.65 54.86,22.76 55.02,22.32 55.19,21.27 56.03,21.06 56.34,22.20 56.27,23.88 56.37,24.86 56.16,25.00 56.10,25.53
Latvia	57.07,25.46	57.47,27.29 57.24,27.77 56.76,27.86 56.17,28.18 55.78,27.10 55.62,26.49 56.10,25.53 56.16,25.00 56.37,24.86 56.27,23.88 56.34,22.20 56.03,21.06 56.78,21.09 57.41,21.58 57.75,22.52 57.01,23.32 57.03,24.12 57.79,24.31 57.97,25.16 57.85,25.60 57.48,26.46
Estonia	58.72,25.87	59.48,27.98 59.48,27.98 59.30,28.13 58.72,27.42 57.79,27.72 57.47,27.29 57.48,26.46 57.85,25.60 57.97,25.16 57.79,24.31 58.38,24.43 58.26,24.06 58.61,23.43 59.19,23.34 59.47,24.60 59.61,25.86 59.45,26.95 59.48,27.98
Germany	50.96,9.68	53.76,14.12 53.25,14.35 52.98,14.07 52.62,14.44 52.09,14.69 51.75,14.61 51.11,15.02 51.00,14.57 51.12,14.31 50.93,14.06 50.73,13.34 50.48,12.97 50.27,12.24 49.97,12.42 49.55,12.52 49.31,13.03 48.88,13.60 48.42,13.24 48.29,12.88 47.64,13.03 47.47,12.93 47.67,12.62 47.70,12.14 47.52,11.43 47.57,10.54 47.30,10.40 47.58,9.90 47.53,9.59 47.83,8.52 47.61,8.32 47.62,7.47 48.33,7.59 49.02,8.10 49.20,6.66 49.46,6.19 49.90,6.24 50.13,6.04 50.80,6.16 51.85,5.99 51.85,6.59 52.23,6.84 53.14,7.09 53.48,6.91 53.69,7.10 53.75,7.94 53.53,8.12 54.02,8.80 54.40,8.57 54.96,8.53 54.83,9.28 54.98,9.92 54.60,9.94 54.36,10.95 54.01,10.94 54.20,11.96 54.47,12.52 54.08,13.65
Bulgaria	42.51,25.16	44.23,22.66 43.82,22.94 43.90,23.33 43.74,24.10 43.69,25.57 43.94,26.07 44.18,27.24 43.81,27.97 43.71,28.56 43.29,28.04 42.58,27.67 42.01,28.00 42.14,27.14 41.83,26.12 41.33,26.11 41.23,25.20 41.58,24.49 41.31,23.69 41.34,22.95 42.00,22.88 42.32,22.38 42.46,22.55 42.58,22.44 42.90,22.60 43.21,22.99 43.64,22.50 44.01,22.41
Greece	39.49,21.73	35.30,26.29 35.00,26.16 34.92,24.72 35.08,24.74 35.28,23.51 35.71,23.70 35.37,24.25 35.42,25.03 35.35,25.77 35.18,25.75
Greece	39.49,21.73	41.34,22.95 41.31,23.69 41.58,24.49 41.23,25.20 41.33,26.11 41.83,26.12 41.56,26.60 40.94,26.29 40.82,26.06 40.85,25.45 40.95,24.93 40.69,23.71 40.12,24.41 39.96,23.90 39.96,23.34 40.48,22.81 40.26,22.63 39.66,22.85 39.19,23.35 38.97,22.97 38.51,23.53 38.22,24.03 37.66,24.04 37.92,23.12 37.41,23.41 37.31,22.77 36.42,23.15 36.41,22.49 36.84,21.67 37.64,21.30 38.31,21.12 38.77,20.73 39.34,20.22 39.62,20.15 40.11,20.61 40.44,20.67 40.58,21.00 40.84,21.02 40.93,21.67 41.15,22.06 41.13,22.60 41.30,22.76
Turkey	39.35,34.51	37.17,44.77 37.00,44.29 37.26,43.94 37.39,42.78 37.23,42.35 37.07,41.21 37.09,40.67 36.72,39.52 36.71,38.70 36.90,38.17 36.62,37.07 36.82,36.74 36.26,36.69 36.04,36.42 35.82,36.15 36.27,35.78 36.65,36.16 36.57,35.55 36.80,34.71 36.22,34.03 36.11,32.51 36.64,31.70 36.68,30.62 36.26,30.39 36.14,29.70 36.68,28.73 36.66,27.64 37.65,27.05 38.21,26.32 38.99,26.80 39.46,26.17 40.42,27.28 40.46,28.82 41.22,29.24 41.09,31.15 41.74,32.35 42.02,33.51 42.04,35.17 41.34,36.91 40.95,38.35 41.10,39.51 41.01,40.37 41.54,41.55 41.58,42.62 41.09,43.58 40.74,43.75 40.25,43.66 40.01,44.40 39.71,44.79 39.43,44.11 38.28,44.42 37.97,44.23 37.17,44.77
Turkey	39.35,34.51	41.83,26.12 42.14,27.14 42.01,28.00 41.62,28.12 41.30,28.99 41.05,28.81 41.00,27.62 40.69,27.19 40.15,26.36 40.62,26.04 40.82,26.06 40.94,26.29 41.56,26.60
Albania	40.65,20.11	40.84,21.02 40.58,21.00 40.44,20.67 40.11,20.61 39.62,20.15 39.69,19.98 39.92,19.96 40.25,19.41 40.73,19.32 41.41,19.40 41.72,19.54 41.88,19.37 41.88,19.37 42.20,19.30 42.69,19.74 42.50,19.80 42.59,20.07 42.32,20.28 42.22,20.52 41.86,20.59 41.86,20.59 41.52,20.46 41.09,20.61
Croatia	45.81,16.37	46.50,16.56 46.38,16.88 45.95,17.63 45.76,18.46 45.91,18.83 45.52,19.07 45.24,19.39 44.86,19.01 45.08,18.55 45.07,17.86 45.23,17.00 45.21,16.53 45.00,16.32 45.23,15.96 44.82,15.75 44.35,16.24 44.04,16.46 43.67,16.92 43.45,17.30 43.03,17.67 42.65,18.56 42.48,18.45 42.48,18.45 42.85,17.51 43.21,16.93 43.51,16.02 44.24,15.17 44.32,15.38 44.74,14.92 45.08,14.90 45.23,14.26 44.80,13.95 45.14,13.66 45.48,13.68 45.50,13.72 45.47,14.41 45.63,14.60 45.47,14.94 45.45,15.33 45.73,15.32 45.83,15.67 46.24,15.77
Switzerland	46.72,7.46	47.53,9.59 47.35,9.63 47.10,9.48 46.92,9.93 46.89,10.44 46.48,10.36 46.31,9.92 46.44,9.18 46.04,8.97 46.01,8.49 46.16,8.32 45.82,7.76 45.78,7.27 45.99,6.84 46.43,6.50 46.27,6.02 46.73,6.04 47.29,6.77 47.54,6.74 47.45,7.19 47.62,7.47 47.61,8.32 47.83,8.52
Luxembourg	49.73,6.08	50.13,6.04 49.90,6.24 49.46,6.19 49.44,5.90 49.53,5.67 50.09,5.78
Belgium	50.79,4.80	50.80,6.16 50.13,6.04 50.09,5.78 49.53,5.67 49.99,4.80 49.91,4.29 50.38,3.59 50.78,3.12 50.80,2.66 51.15,2.51 51.35,3.31 51.35,3.32 51.35,3.31 51.27,4.05 51.48,4.97 51.04,5.61
Netherlands	52.42,5.61	53.48,6.91 53.14,7.09 52.23,6.84 51.85,6.59 51.85,5.99 50.80,6.16 51.04,5.61 51.48,4.97 51.27,4.05 51.35,3.31 51.35,3.32 51.62,3.83 53.09,4.71 53.51,6.07
Portugal	39.61,-8.27	41.88,-9.03 42.13,-8.67 42.28,-8.26 41.79,-8.01 41.79,-7.42 41.92,-7.25 41.88,-6.67 41.38,-6.39 41.11,-6.85 40.33,-6.86 40.18,-7.03 39.71,-7.07 39.63,-7.50 39.03,-7.10 38.37,-7.37 38.08,-7.03 37.80,-7.17 37.43,-7.54 37.10,-7.45 36.84,-7.86 36.98,-8.38 36.87,-8.90 37.65,-8.75 38.27,-8.84 38.36,-9.29 38.74,-9.53 39.39,-9.45 39.76,-9.05 40.16,-8.98 40.76,-8.77 41.18,-8.79 41.54,-8.99
Spain	40.09,-3.46	37.10,-7.45 37.43,-7.54 37.80,-7.17 38.08,-7.03 38.37,-7.37 39.03,-7.10 39.63,-7.50 39.71,-7.07 40.18,-7.03 40.33,-6.86 41.11,-6.85 41.38,-6.39 41.88,-6.67 41.92,-7.25 41.79,-7.42 41.79,-8.01 42.28,-8.26 42.13,-8.67 41.88,-9.03 42.59,-8.98 43.03,-9.39 43.75,-7.98 43.57,-6.75 43.57,-5.41 43.40,-4.35 43.46,-3.52 43.42,-1.90 43.03,-1.50 42.58,0.34 42.80,0.70 42.34,1.83 42.47,2.99 41.89,3.04 41.23,2.09 41.01,0.81 40.68,0.72 40.12,0.11 39.31,-0.28 38.74,0.11 38.29,-0.47 37.64,-0.68 37.44,-1.44 36.67,-2.15 36.66,-3.42 36.68,-4.37 36.32,-5.00 35.95,-5.38 36.03,-5.87 36.37,-6.24 36.94,-6.52
Ireland	53.08,-7.80	53.87,-6.20 53.15,-6.03 52.26,-6.79 51.67,-8.56 51.82,-9.98 52.86,-9.17 53.88,-9.69 54.66,-8.33 55.13,-7.57 54.60,-7.37 54.06,-7.57 54.07,-6.95
New Caledonia	-21.06,165.08	-21.08,165.78 -21.70,166.60 -22.16,167.12 -22.40,166.74 -22.13,166.19 -21.68,165.47 -21.15,164.83 -20.44,164.17 -20.11,164.03 -20.12,164.46 -20.46,165.02 -20.80,165.46
Solomon Is.	-8.03,159.17	-10.48,162.12 -10.83,162.40 -10.82,161.70 -10.20,161.32 -10.45,161.92
Solomon Is.	-8.03,159.17	-9.60,161.68 -9.78,161.53 -8.92,160.79 -8.32,160.58 -8.32,160.92 -9.12,161.28
Solomon Is.	-8.03,159.17	-9.87,160.85 -9.90,160.46 -9.79,159.85 -9.64,159.64 -9.24,159.70 -9.40,160.36 -9.61,160.69
Solomon Is.	-8.03,159.17	-8.02,159.64 -8.34,159.88 -8.54,159.92 -8.11,159.13 -7.75,158.59 -7.42,158.21 -7.32,158.36 -7.56,158.82
Solomon Is.	-8.03,159.17	-7.02,157.14 -7.35,157.54 -7.40,157.34 -7.18,156.90 -6.77,156.49 -6.60,156.54
New Zealand	-39.76,172.79	-40.07,176.89 -40.60,176.51 -41.29,176.01 -41.69,175.24 -41.43,175.07 -41.28,174.65 -40.46,175.23 -39.91,174.90 -39.51,173.82 -39.15,173.85 -38.80,174.57 -38.03,174.74 -37.38,174.70 -36.71,174.29 -36.53,174.32 -36.12,173.84 -35.24,173.05 -34.53,172.64 -34.45,173.01 -35.01,173.55 -35.27,174.33 -36.16,174.61 -37.21,175.34 -36.53,175.36 -36.80,175.81 -37.56,175.96 -37.88,176.76 -37.96,177.44 -37.58,178.01 -37.70,178.52 -38.58,178.27 -39.17,177.97 -39.15,177.21 -39.45,176.94 -39.88,177.03
New Zealand	-39.76,172.79	-43.56,169.67 -43.03,170.52 -42.51,171.13 -41.77,171.57 -41.51,171.95 -40.96,172.10 -40.49,172.80 -40.92,173.02 -41.33,173.25 -40.93,173.96 -41.35,174.25 -41.77,174.25 -42.23,173.88 -42.97,173.22 -43.37,172.71 -43.85,173.08 -43.87,172.31 -44.24,171.45 -44.90,171.19 -45.91,170.62 -46.36,169.83 -46.64,169.33 -46.62,168.41 -46.29,167.76 -46.22,166.68 -45.85,166.51 -45.11,167.05 -44.12,168.30 -43.94,168.95
Australia	-24.13,134.05	-40.81,147.69 -40.88,148.29 -42.06,148.36 -42.41,148.02 -43.21,147.91 -42.94,147.56 -43.63,146.87 -43.58,146.66 -43.55,146.05 -42.69,145.43 -42.03,145.30 -41.16,144.72 -40.70,144.74 -40.79,145.40 -41.14,146.36 -41.00,146.91
Australia	-24.13,134.05	-32.22,126.15 -32.73,125.09 -32.96,124.22 -33.48,124.03 -33.89,123.66 -33.91,122.81 -34.00,122.18 -33.82,121.30 -33.93,120.58 -33.98,119.89 -34.51,119.30 -34.46,119.01 -34.75,118.51 -35.06,118.02 -35.03,117.30 -35.03,116.63 -34.39,115.56 -34.20,115.03 -33.62,115.05 -33.49,115.55 -33.26,115.71 -32.90,115.68 -32.21,115.80 -31.61,115.69 -30.60,115.16 -30.03,115.00 -29.46,115.04 -28.81,114.64 -28.52,114.62 -28.12,114.17 -27.33,114.05 -26.54,113.48 -26.12,113.34 -26.55,113.78 -25.62,113.44 -25.91,113.94 -26.30,114.23 -25.79,114.22 -25.00,113.72 -24.68,113.63 -24.38,113.39 -23.81,113.50 -23.56,113.71 -23.06,113.84 -22.48,113.74 -21.76,114.15 -22.52,114.23 -21.83,114.65 -21.50,115.46 -21.07,115.95 -20.70,116.71 -20.62,117.17 -20.75,117.44 -20.37,118.23 -20.26,118.84 -20.04,118.99 -19.95,119.25 -19.98,119.81 -19.68,120.86 -19.24,121.40 -18.71,121.66 -18.20,122.24 -17.80,122.29 -17.25,122.31 -16.41,123.01 -17.27,123.43 -17.07,123.86 -16.60,123.50 -16.11,123.82 -16.33,124.26 -15.57,124.38 -15.08,124.93 -14.68,125.17 -14.51,125.67 -14.23,125.69 -14.35,126.13 -14.10,126.14 -13.95,126.58 -13.82,127.07 -14.28,127.80 -14.87,128.36 -14.88,128.99 -14.97,129.62 -14.42,129.41 -13.62,129.89 -13.36,130.34 -13.11,130.18 -12.54,130.62 -12.18,131.22 -12.30,131.74 -12.11,132.58 -11.60,132.56 -11.27,131.82 -11.13,132.36 -11.38,133.02 -11.79,133.55 -12.04,134.39 -11.94,134.68 -12.25,135.30 -11.96,135.88 -12.05,136.26 -11.86,136.49 -12.35,136.95 -12.89,136.69 -13.29,136.31 -13.32,135.96 -13.72,136.08 -14.22,135.78 -14.72,135.43 -15.00,135.50 -15.55,136.30 -15.87,137.07 -16.22,137.58 -16.81,138.30 -16.81,138.59 -17.06,139.11 -17.37,139.26 -17.71,140.22 -17.37,140.88 -16.83,141.07 -16.39,141.27 -15.84,141.40 -15.04,141.70 -14.56,141.56 -14.27,141.64 -13.70,141.52 -12.94,141.65 -12.74,141.84 -12.41,141.69 -11.88,141.93 -11.33,142.12 -11.04,142.14 -10.67,142.52 -11.16,142.80 -11.78,142.87 -11.91,143.12 -12.33,143.16 -12.83,143.52 -13.40,143.60 -13.76,143.56 -14.55,143.92 -14.17,144.56 -14.59,144.89 -14.98,145.37 -15.43,145.27 -16.29,145.49 -16.78,145.64 -16.91,145.89 -17.76,146.16 -18.28,146.06 -18.96,146.39 -19.48,147.47 -19.96,148.18 -20.39,148.85 -20.63,148.72 -21.26,149.29 -22.34,149.68 -22.12,150.08 -22.56,150.48 -22.40,150.73 -23.46,150.90 -24.08,151.61 -24.46,152.07 -25.27,152.86 -26.07,153.14 -26.64,153.16 -27.26,153.09 -28.11,153.57 -29.00,153.51 -29.46,153.34 -30.35,153.07 -30.92,153.09 -31.64,152.89 -32.55,152.45 -33.04,151.71 -33.82,151.34 -34.31,151.01 -35.17,150.71 -35.67,150.33 -36.42,150.08 -37.11,149.95 -37.43,150.00 -37.77,149.42 -37.81,148.30 -38.22,147.38 -38.61,146.92 -39.04,146.32 -38.59,145.49 -38.42,144.88 -37.90,145.03 -38.09,144.49 -38.81,143.61 -38.54,142.75 -38.38,142.18 -38.31,141.61 -38.02,140.64 -37.40,139.99 -36.64,139.81 -36.14,139.57 -35.73,139.08 -35.61,138.12 -35.13,138.45 -34.38,138.21 -35.08,137.72 -35.26,136.83 -34.71,137.35 -34.13,137.50 -33.64,137.89 -32.90,137.81 -33.75,137.00 -34.09,136.37 -34.89,135.99 -34.48,135.21 -33.95,135.24 -33.22,134.61 -32.85,134.09 -32.62,134.27 -32.01,132.99 -31.98,132.29 -31.50,131.33 -31.59,129.54 -31.95,128.24 -32.28,127.10
Sri Lanka	7.58,80.70	7.52,81.79 6.48,81.64 6.20,81.22 5.97,80.35 6.76,79.87 8.20,79.70 9.82,80.15 9.27,80.84 8.56,81.30
China	32.50,106.34	18.20,109.48 18.51,108.66 19.37,108.63 19.82,109.12 20.10,110.21 20.08,110.79 19.70,111.01 19.26,110.57 18.68,110.34
China	32.50,106.34	42.35,80.26 42.92,80.18 43.18,80.87 44.92,79.97 45.32,81.95 45.54,82.46 47.33,83.18 47.00,85.16 47.45,85.72 48.46,85.77 48.55,86.60 49.21,87.36 49.30,87.75 48.60,88.01 48.07,88.85 47.69,90.28 46.89,90.97 45.72,90.59 45.29,90.95 45.12,92.13 44.98,93.48 44.35,94.69 44.24,95.31 43.32,95.76 42.73,96.35 42.75,97.45 42.52,99.52 42.66,100.85 42.51,101.83 41.91,103.31 41.91,104.52 41.60,104.96 42.13,106.13 42.48,107.74 42.52,109.24 42.87,110.41 43.41,111.13 43.74,111.83 44.07,111.67 44.46,111.35 45.10,111.87 45.01,112.44 44.81,113.46 45.34,114.46 45.73,115.99 46.39,116.72 46.67,117.42 46.81,118.87 46.69,119.66 47.05,119.77 47.75,118.87 48.07,118.06 47.70,117.30 47.85,116.31 47.73,115.74 48.14,115.49 49.13,116.19 49.89,116.68 49.51,117.88 50.14,119.29 50.58,119.28 51.64,120.18 51.96,120.74 52.52,120.73 52.75,120.18 53.25,121.00 53.43,122.25 53.46,123.57 53.16,125.07 52.79,125.95 51.78,126.56 51.35,126.94 50.74,127.29 49.76,127.66 49.44,129.40 48.73,130.58 47.79,130.99 47.79,132.51 48.18,133.37 48.48,135.03 47.58,134.50 47.21,134.11 46.12,133.77 45.14,133.10 45.32,131.88 44.97,131.03 44.11,131.29 42.93,131.14 42.90,130.63 42.40,130.64 42.99,129.99 42.42,129.60 41.99,128.05 41.47,128.21 41.50,127.34 41.82,126.87 41.11,126.18 40.57,125.08 39.93,124.27 39.64,122.87 39.17,122.13 38.90,121.05 39.36,121.59 39.75,121.38 40.42,122.17 40.95,121.64 40.59,120.77 39.90,119.64 39.25,119.02 39.20,118.04 38.74,117.53 38.06,118.06 37.90,118.88 37.45,118.91 37.16,119.70 37.87,120.82 37.48,121.71 37.45,122.36 36.93,122.52 36.65,121.10 36.11,120.64 35.61,119.66 34.91,119.15 34.36,120.23 33.38,120.62 32.46,121.23 31.69,121.91 30.95,121.89 30.68,121.26 30.14,121.50 29.83,122.09 29.02,121.94 28.23,121.68 28.14,121.13 27.05,120.40 25.74,119.59 24.55,118.66 23.62,117.28 22.78,115.89 22.67,114.76 22.22,114.15 22.55,113.81 22.05,113.24 21.55,111.84 21.40,110.79 20.34,110.44 20.28,109.89 21.01,109.63 21.40,109.86 21.72,108.52 21.55,108.05 21.81,107.04 22.22,106.57 22.79,106.73 22.98,105.81 23.35,105.33 22.82,104.48 22.70,103.50 22.71,102.71 22.46,102.17 22.32,101.65 21.17,101.80 21.20,101.27 21.44,101.18 21.85,101.15 21.56,100.42 21.74,99.98 22.12,99.24 22.95,99.53 23.14,98.90 24.06,98.66 23.90,97.60 25.08,97.72 25.92,98.67 26.74,98.71 27.51,98.68 27.75,98.25 28.34,97.91 28.26,97.33 28.41,96.25 28.83,96.59 29.45,96.12 29.03,95.40 29.28,94.57 28.64,93.41 27.90,92.50 27.77,91.70 28.04,91.26 28.06,90.73 28.30,90.02 28.04,89.48 27.30,88.81 28.09,88.73 27.88,88.12 27.97,86.95 28.20,85.82 28.64,85.01 28.84,84.23 29.32,83.90 29.46,83.34 30.12,82.33 30.42,81.53 30.18,81.11 30.88,79.72 31.52,78.74 32.62,78.46 32.48,79.18 32.99,79.21 33.51,78.81 34.32,78.91 35.49,77.84 35.90,76.19 36.67,75.90 37.13,75.16 37.42,74.98 37.99,74.83 38.38,74.86 38.61,74.26 38.51,73.93 39.43,73.68 39.66,73.96 39.89,73.82 40.37,74.78 40.56,75.47 40.43,76.53 41.07,76.90 41.19,78.19 41.58,78.54 42.12,80.12
Taiwan	23.65,120.87	24.39,121.78 22.79,121.18 21.97,120.75 22.81,120.22 23.56,120.11 24.54,120.69 25.30,121.50 25.00,121.95
Italy	44.73,11.08	46.89,10.44 46.75,11.05 46.94,11.16 47.12,12.15 46.77,12.38 46.51,13.81 46.02,13.70 45.59,13.94 45.74,13.14 45.38,12.33 44.89,12.38 44.60,12.26 44.09,12.59 43.59,13.53 42.76,14.03 41.96,15.14 41.96,15.93 41.74,16.17 41.54,15.89 41.18,16.79 40.88,17.52 40.36,18.38 40.17,18.48 39.81,18.29 40.28,17.74 40.44,16.87 39.80,16.45 39.42,17.17 38.90,17.05 38.84,16.64 37.99,16.10 37.91,15.68 38.21,15.69 38.75,15.89 38.96,16.11 39.54,15.72 40.05,15.41 40.17,15.00 40.60,14.70 40.79,14.06 41.19,13.63 41.25,12.89 41.70,12.11 42.36,11.19 42.93,10.51 43.92,10.20 44.04,9.70 44.37,8.89 44.23,8.43 43.77,7.85 43.69,7.44 44.13,7.55 44.25,7.01 45.03,6.75 45.33,7.10 45.71,6.80 45.99,6.84 45.78,7.27 45.82,7.76 46.16,8.32 46.01,8.49 46.04,8.97 46.44,9.18 46.31,9.92 46.48,10.36
Italy	44.73,11.08	38.14,14.76 38.23,15.52 37.44,15.16 37.13,15.31 36.62,15.10 37.00,14.34 37.10,13.83 37.61,12.43 38.13,12.57 38.03,13.74
Italy	44.73,11.08	40.90,8.71 41.21,9.21 40.50,9.81 39.18,9.67 39.24,9.21 38.91,8.81 39.17,8.43 40.38,8.39 40.95,8.16
Denmark	55.97,9.02	54.98,9.92 54.83,9.28 54.96,8.53 55.52,8.12 56.54,8.09 56.81,8.26 57.11,8.54 57.17,9.42 57.45,9.78 57.73,10.58 57.22,10.55 56.89,10.25 56.61,10.37 56.46,10.91 56.08,10.67 56.19,10.37 55.47,9.65
Denmark	55.97,9.02	56.11,12.37 55.61,12.69 54.80,12.09 55.36,11.04 55.78,10.90
United Kingdom	54.40,-2.12	53.87,-6.20 54.07,-6.95 54.06,-7.57 54.60,-7.37 55.13,-7.57 55.17,-6.73 54.55,-5.66
United Kingdom	54.40,-2.12	53.40,-3.09 53.40,-3.09 53.98,-2.95 54.60,-3.61 54.62,-3.63 54.79,-4.84 55.06,-5.08 55.51,-4.72 55.78,-5.05 55.31,-5.59 56.28,-5.64 56.79,-6.15 57.82,-5.79 58.63,-5.01 58.55,-4.21 58.63,-3.01 57.55,-4.07 57.69,-3.06 57.68,-1.96 56.87,-2.22 55.97,-3.12 55.91,-2.09 55.80,-2.01 54.62,-1.11 54.46,-0.43 53.33,0.18 52.93,0.47 52.74,1.68 52.10,1.56 51.81,1.05 51.29,1.45 50.77,0.55 50.77,-0.79 50.50,-2.49 50.70,-2.96 50.23,-3.62 50.34,-4.54 49.96,-5.25 50.16,-5.78 51.21,-4.31 51.43,-3.41 51.43,-3.42 51.59,-4.98 51.99,-5.27 52.30,-4.22 52.84,-4.77 53.50,-4.58
Iceland	64.78,-18.67	66.46,-14.51 65.81,-14.74 65.13,-13.61 64.36,-14.91 63.68,-17.79 63.50,-18.66 63.64,-19.97 63.96,-22.76 64.40,-21.78 64.89,-23.96 65.08,-22.18 65.38,-22.23 65.61,-24.33 66.26,-23.65 66.41,-22.13 65.73,-20.58 66.28,-19.06 65.99,-17.80 66.53,-16.17
Azerbaijan	40.40,47.21	41.86,46.40 41.83,46.69 41.22,47.37 41.15,47.82 41.41,47.99 41.81,48.58 41.28,49.11 40.57,49.62 40.53,50.08 40.26,50.39 40.18,49.57 39.40,49.40 39.05,49.22 38.82,48.86 38.32,48.88 38.27,48.63 38.79,48.01 39.29,48.36 39.58,48.06 39.51,47.69 38.77,46.51 39.46,46.48 39.63,46.03 39.90,45.61 40.22,45.89 40.56,45.36 40.81,45.56 40.99,45.18 41.25,44.97 41.41,45.22 41.12,45.96 41.06,46.50 41.18,46.64 41.72,46.15
Azerbaijan	40.40,47.21	38.74,46.14 38.87,45.46 39.34,44.95 39.71,44.79 39.74,45.00 39.47,45.30 39.47,45.74 39.32,45.74
Georgia	41.87,43.74	43.43,39.96 43.55,40.08 43.38,40.92 43.22,42.39 42.74,43.76 42.55,43.93 42.71,44.54 42.50,45.47 42.09,45.78 41.86,46.40 41.72,46.15 41.18,46.64 41.06,46.50 41.12,45.96 41.41,45.22 41.25,44.97 41.09,43.58 41.58,42.62 41.54,41.55 41.96,41.70 42.65,41.45 43.01,40.88 43.13,40.32
Philippines	11.20,122.47	12.70,120.83 13.47,120.32 13.43,121.18 13.07,121.53 12.21,121.26
Philippines	11.20,122.47	9.98,122.59 10.26,122.84 10.88,122.95 10.94,123.50 10.27,123.34 11.23,124.08 10.28,123.98 9.95,123.62 9.32,123.31 9.02,123.00 9.71,122.38
Philippines	11.20,122.47	8.41,126.38 7.75,126.48 7.19,126.54 6.27,126.20 7.29,125.83 6.79,125.36 6.05,125.68 5.58,125.40 6.16,124.22 6.89,123.94 7.36,124.24 7.83,123.61 7.42,123.30 7.46,122.83 6.90,122.09 7.19,121.92 8.03,122.31 8.32,122.94 8.69,123.49 8.24,123.84 8.51,124.60 8.96,124.76 8.99,125.47 9.76,125.41 9.29,126.22 8.78,126.31
Philippines	11.20,122.47	9.32,118.50 8.37,117.17 9.07,117.66 9.68,118.39 10.38,118.99 11.37,119.51 10.55,119.69 10.00,119.03
Philippines	11.20,122.47	18.22,122.34 17.81,122.17 17.09,122.52 16.26,122.25 15.93,121.66 15.12,121.51 14.33,121.73 14.22,122.26 14.34,122.70 13.78,123.95 13.24,123.86 13.00,124.18 12.54,124.08 13.03,123.30 13.55,122.93 13.19,122.67 13.78,122.03 13.64,121.13 13.86,120.63 14.27,120.68 14.53,120.99 14.76,120.69 14.40,120.56 14.97,120.07 15.41,119.92 16.36,119.88 16.03,120.29 17.60,120.39 18.51,120.72 18.50,121.32 18.22,121.94 18.48,122.25
Philippines	11.20,122.47	11.42,122.04 11.89,121.88 11.58,122.48 11.58,123.12 11.17,123.10 10.74,122.64 10.44,122.00 10.91,121.97
Philippines	11.20,122.47	12.16,125.50 11.05,125.78 11.31,125.01 10.98,125.03 10.36,125.28 10.13,124.80 10.84,124.76 10.89,124.46 11.50,124.30 11.42,124.89 11.79,124.88 12.56,124.27 12.54,125.23
Malaysia	2.53,113.84	6.46,100.09 6.64,100.26 6.20,101.08 5.69,101.15 5.81,101.81 6.22,102.14 6.13,102.37 5.52,102.96 4.86,103.38 4.18,103.44 3.73,103.33 3.38,103.43 2.79,103.50 2.52,103.85 1.63,104.25 1.29,104.23 1.23,103.52 1.97,102.57 2.76,101.39 3.27,101.27 3.94,100.70 4.77,100.56 5.31,100.20 6.04,100.31
Malaysia	2.53,113.84	4.14,117.88 4.31,117.02 4.31,115.87 3.17,115.52 2.82,115.13 1.43,114.62 1.22,113.81 1.50,112.86 1.41,112.38 0.90,111.80 0.98,111.16 0.77,110.51 1.34,109.83 2.01,109.66 1.66,110.40 1.85,111.17 2.70,111.37 2.89,111.80 3.10,113.00 3.89,113.71 4.53,114.20 4.01,114.66 4.35,114.87 4.32,115.35 4.96,115.41 5.45,115.45 6.14,116.22 6.92,116.73 6.93,117.13 6.42,117.64 5.99,117.69 5.71,118.35 5.41,119.18 5.02,119.11 4.97,118.44 4.48,118.62
Brunei	4.45,114.55	5.45,115.45 4.96,115.41 4.32,115.35 4.35,114.87 4.01,114.66 4.53,114.20 4.90,114.60
Slovenia	46.06,14.92	46.51,13.81 46.43,14.63 46.66,15.14 46.68,16.01 46.85,16.20 46.84,16.37 46.50,16.56 46.24,15.77 45.83,15.67 45.73,15.32 45.45,15.33 45.47,14.94 45.63,14.60 45.47,14.41 45.50,13.72 45.59,13.94 46.02,13.70
Finland	63.25,27.28	69.06,28.59 68.36,28.45 67.70,29.98 66.94,29.05 65.81,30.22 64.95,29.54 64.20,30.44 63.55,30.04 62.87,31.52 62.36,31.14 61.78,30.21 60.50,28.07 60.50,28.07 60.50,28.07 60.42,26.26 60.06,24.50 59.85,22.87 60.39,22.29 60.72,21.32 61.71,21.54 62.61,21.06 63.19,21.54 63.82,22.44 64.90,24.73 65.11,25.40 65.53,25.29 66.01,23.90 66.40,23.57 67.94,23.54 68.62,21.98 69.11,20.65 69.37,21.24 68.84,22.36 68.89,23.66 68.65,24.74 69.09,25.69 69.83,26.18 70.16,27.73 69.77,29.02
Slovakia	48.73,19.05	49.09,22.56 48.83,22.28 48.42,22.09 48.32,21.87 48.62,20.80 48.56,20.47 48.33,20.24 48.20,19.77 48.27,19.66 48.11,19.17 48.08,18.78 47.88,18.70 47.76,17.86 47.87,17.49 48.12,16.98 48.47,16.88 48.60,16.96 48.82,17.10 48.80,17.55 48.90,17.89 49.00,17.91 49.04,18.10 49.27,18.17 49.32,18.40 49.50,18.55 49.50,18.85 49.44,18.91 49.57,19.32 49.22,19.83 49.43,20.42 49.33,20.89 49.47,21.61
Czechia	49.88,15.38	51.11,15.02 50.78,15.49 50.70,16.24 50.42,16.18 50.22,16.72 50.47,16.87 50.36,17.55 50.05,17.65 49.99,18.39 49.50,18.85 49.50,18.55 49.32,18.40 49.27,18.17 49.04,18.10 49.00,17.91 48.90,17.89 48.80,17.55 48.82,17.10 48.60,16.96 48.79,16.50 48.73,16.03 49.04,15.25 48.96,14.90 48.56,14.34 48.88,13.60 49.31,13.03 49.55,12.52 49.97,12.42 50.27,12.24 50.48,12.97 50.73,13.34 50.93,14.06 51.12,14.31 51.00,14.57
Eritrea	15.79,38.29	14.42,36.43 14.82,36.32 16.29,36.75 16.96,36.85 17.26,37.17 17.43,37.90 18.00,38.41 16.84,38.99 15.92,39.27 15.44,39.81 14.49,41.18 13.92,41.73 13.34,42.28 13.00,42.59 12.70,43.08 12.46,42.78 12.54,42.35 12.87,42.01 13.45,41.60 13.77,41.16 14.12,40.90 14.52,40.03 14.53,39.34 14.74,39.10 14.51,38.51 14.96,37.91 14.21,37.59
Japan	36.14,138.44	39.18,141.88 38.17,140.96 37.14,140.98 36.34,140.60 35.84,140.77 35.14,140.25 34.67,138.98 34.61,137.22 33.46,135.79 33.85,135.12 34.60,135.08 34.38,133.34 33.90,132.16 33.89,130.99 33.15,132.00 31.45,131.33 31.03,130.69 31.42,130.20 32.32,130.45 32.61,129.81 33.30,129.41 33.60,130.35 34.23,130.88 34.75,131.88 35.43,132.62 35.73,134.61 35.53,135.68 37.30,136.72 36.83,137.39 37.83,138.86 38.22,139.43 39.44,140.05 40.56,139.88 41.20,140.31 41.38,141.37 39.99,141.91
Japan	36.14,138.44	43.96,144.61 44.38,145.32 43.26,145.54 42.99,144.06 42.00,143.18 42.68,141.61 41.58,141.07 41.57,139.96 42.56,139.82 43.33,140.31 43.39,141.38 44.77,141.67 45.55,141.97 44.51,143.14 44.17,143.91
Japan	36.14,138.44	33.46,132.37 34.06,132.92 33.94,133.49 34.36,133.90 34.15,134.64 33.81,134.77 33.20,134.20 33.52,133.79 33.29,133.28 32.70,133.01 32.99,132.36
Paraguay	-21.67,-60.15	-20.18,-58.17 -20.73,-57.87 -22.09,-57.94 -22.28,-56.88 -22.09,-56.47 -22.36,-55.80 -22.66,-55.61 -23.57,-55.52 -23.96,-55.40 -24.00,-55.03 -23.84,-54.65 -24.02,-54.29 -24.57,-54.29 -25.16,-54.43 -25.74,-54.63 -26.62,-54.79 -27.39,-55.70 -27.55,-56.49 -27.40,-57.61 -27.12,-58.62 -25.60,-57.63 -25.16,-57.78 -24.77,-58.81 -24.03,-60.03 -23.88,-60.85 -22.25,-62.69 -21.05,-62.29 -20.51,-62.27 -19.63,-61.79 -19.34,-60.04 -19.36,-59.12 -19.87,-58.18
Yemen	15.33,45.87	19.00,52.00 17.35,52.78 16.65,53.11 16.38,52.39 15.94,52.19 15.60,52.17 15.18,51.17 14.71,49.57 14.00,48.68 13.95,48.24 14.01,47.94 13.59,47.35 13.40,46.72 13.35,45.88 13.29,45.63 13.03,45.41 12.95,45.14 12.70,44.99 12.72,44.49 12.59,44.18 12.64,43.48 13.22,43.22 13.77,43.25 14.06,43.09 14.80,42.89 15.21,42.60 15.26,42.81 15.72,42.70 15.91,42.82 16.35,42.78 16.67,43.22 17.09,43.12 17.58,43.38 17.32,43.79 17.41,44.06 17.43,45.22 17.33,45.40 17.23,46.37 17.28,46.75 16.95,47.00 17.12,47.47 18.17,48.18 18.62,49.12
Saudi Arabia	23.81,44.70	29.36,34.96 29.20,36.07 29.51,36.50 29.87,36.74 30.00,37.50 30.34,37.67 30.51,38.00 31.51,37.00 32.01,39.00 32.16,39.20 31.89,40.40 31.19,41.89 29.18,44.71 29.10,46.57 29.00,47.46 28.53,47.71 28.55,48.42 27.69,48.81 27.46,49.30 27.11,49.47 26.69,50.15 26.28,50.21 25.94,50.11 25.61,50.24 25.33,50.53 25.00,50.66 24.75,50.81 24.56,51.11 24.63,51.39 24.25,51.58 24.01,51.62 23.00,52.00 22.50,55.01 22.71,55.21 22.00,55.67 20.00,55.00 19.00,52.00 18.62,49.12 18.17,48.18 17.12,47.47 16.95,47.00 17.28,46.75 17.23,46.37 17.33,45.40 17.43,45.22 17.41,44.06 17.32,43.79 17.58,43.38 17.09,43.12 16.67,43.22 16.35,42.78 16.77,42.65 17.08,42.35 17.47,42.27 17.83,41.75 18.67,41.22 19.49,40.94 20.17,40.25 20.34,39.80 21.29,39.14 21.99,39.02 22.58,39.07 23.69,38.49 24.08,38.02 24.29,37.48 24.86,37.15 25.08,37.21 25.60,36.93 25.83,36.64 26.57,36.25 27.38,35.64 28.06,35.13 28.06,34.63 28.61,34.79 28.96,34.83
Antarctica	-79.84,35.89	-78.05,-48.66 -78.05,-48.15 -77.83,-46.66 -78.05,-45.15 -78.48,-43.92 -79.09,-43.49 -79.52,-43.37 -80.03,-43.33 -80.34,-44.88 -80.59,-46.51 -80.83,-48.39 -81.03,-50.48 -80.97,-52.85 -80.63,-54.16 -80.22,-53.99 -79.95,-51.85 -79.61,-50.99 -79.18,-50.36 -78.81,-49.91 -78.46,-49.31 -78.05,-48.66
Antarctica	-79.84,35.89	-80.26,-66.29 -80.29,-64.04 -80.39,-61.88 -79.98,-61.14 -79.63,-60.61 -80.04,-59.57 -80.55,-59.87 -81.00,-60.16 -80.86,-62.26 -80.92,-64.49 -80.59,-65.74 -80.55,-65.74
Antarctica	-79.84,35.89	-71.27,-73.92 -71.27,-73.92 -71.15,-73.23 -71.19,-72.07 -70.68,-71.78 -70.31,-71.72 -69.51,-71.74 -69.04,-71.17 -68.88,-70.25 -69.25,-69.72 -69.62,-69.49 -70.07,-69.06 -70.51,-68.73 -70.96,-68.45 -71.41,-68.33 -71.80,-68.51 -72.17,-68.78 -72.31,-69.96 -72.50,-71.08 -72.48,-72.39 -72.09,-71.90 -72.23,-73.07 -72.37,-74.19 -72.07,-74.95 -71.66,-75.01
Antarctica	-79.84,35.89	-71.89,-102.33 -71.89,-102.33 -71.72,-101.70 -71.85,-100.43 -71.93,-98.98 -72.07,-97.88 -71.95,-96.79 -72.52,-96.20 -72.44,-96.98 -72.48,-98.20 -72.44,-99.43 -72.50,-100.78 -72.31,-101.80
Antarctica	-79.84,35.89	-73.66,-122.62 -73.66,-122.62 -73.32,-122.41 -73.50,-121.21 -73.66,-119.92 -73.48,-118.72 -73.83,-119.29 -74.09,-120.23 -74.01,-121.62
Antarctica	-79.84,35.89	-73.46,-127.28 -73.46,-127.28 -73.25,-126.56 -73.48,-125.56 -73.87,-124.03 -73.83,-124.62 -73.74,-125.91
Antarctica	-79.84,35.89	-78.60,-163.71 -78.60,-163.71 -78.22,-163.11 -78.38,-161.25 -78.69,-160.25 -79.05,-159.48 -79.50,-159.21 -79.63,-161.13 -79.28,-162.44 -78.93,-163.03 -78.87,-163.07
Antarctica	-79.84,35.89	-84.71,180.00 -90.00,180.00 -90.00,-180.00 -84.71,-180.00 -84.72,-179.94 -84.14,-179.06 -84.45,-177.26 -84.42,-177.14 -84.10,-176.08 -84.11,-175.95 -84.12,-175.83 -84.53,-174.38 -84.12,-173.12 -84.06,-172.89 -83.88,-169.95 -84.12,-169.00 -84.24,-168.53 -84.57,-167.02 -84.83,-164.18 -85.14,-161.93 -85.37,-158.07 -85.10,-155.19 -85.30,-150.94 -85.61,-148.53 -85.32,-145.89 -85.04,-143.11 -84.57,-142.89 -84.53,-146.83 -84.30,-150.06 -83.90,-150.90 -83.69,-153.59 -83.24,-153.41 -82.83,-153.04 -82.45,-152.67 -82.04,-152.86 -81.77,-154.53 -81.42,-155.29 -81.10,-156.84 -81.16,-154.41 -81.00,-152.10 -81.34,-150.65 -81.04,-148.87 -80.67,-147.22 -80.34,-146.42 -79.93,-146.77 -79.65,-148.06 -79.36,-149.53 -79.30,-151.59 -79.16,-153.39 -79.06,-155.33 -78.69,-155.98 -78.38,-157.27 -78.03,-158.05 -76.89,-158.37 -76.99,-157.88 -77.30,-156.97 -77.20,-155.33 -77.07,-153.74 -77.50,-152.92 -77.40,-151.33 -77.18,-150.00 -76.91,-148.75 -76.58,-147.61 -76.48,-146.10 -76.11,-146.14 -75.73,-146.50 -75.38,-146.20 -75.20,-144.91 -75.54,-144.32 -75.34,-142.79 -75.09,-141.64 -75.07,-140.21 -74.97,-138.86 -74.73,-137.51 -74.52,-136.43 -74.30,-135.21 -74.36,-134.43 -74.44,-133.75 -74.30,-132.26 -74.48,-130.93 -74.46,-129.55 -74.32,-128.24 -74.42,-126.89 -74.52,-125.40 -74.48,-124.01 -74.50,-122.56 -74.52,-121.07 -74.48,-119.70 -74.19,-118.68 -74.03,-117.47 -74.24,-116.22 -74.07,-115.02 -73.71,-113.94 -74.03,-113.30 -74.38,-112.95 -74.71,-112.30 -74.42,-111.26 -74.79,-110.07 -74.91,-108.71 -75.18,-107.56 -75.13,-106.15 -74.95,-104.88 -74.99,-103.37 -75.13,-102.02 -75.30,-100.65 -74.87,-100.12 -74.54,-100.76 -74.19,-101.25 -74.11,-102.55 -73.73,-103.11 -73.36,-103.33 -72.62,-103.68 -72.75,-102.92 -72.81,-101.61 -72.75,-100.31 -72.91,-99.14 -73.21,-98.12 -73.56,-97.69 -73.62,-96.34 -73.48,-95.04 -73.28,-93.67 -73.17,-92.44 -73.40,-91.42 -73.32,-90.09 -72.56,-89.23 -73.01,-88.42 -73.19,-87.27 -73.09,-86.01 -73.48,-85.19 -73.52,-83.88 -73.64,-82.67 -73.85,-81.47 -73.48,-80.69 -73.13,-80.30 -73.52,-79.30 -73.42,-77.93 -73.64,-76.91 -73.97,-76.22 -73.87,-74.89 -73.66,-73.85 -73.40,-72.83 -73.26,-71.62 -73.15,-70.21 -73.01,-68.94 -72.79,-67.96 -72.48,-67.37 -72.05,-67.13 -71.64,-67.25 -71.25,-67.56 -70.85,-67.92 -70.46,-68.23 -70.11,-68.49 -69.72,-68.54 -69.33,-68.45 -68.95,-67.98 -68.54,-67.58 -68.15,-67.43 -67.72,-67.62 -67.33,-67.74 -66.88,-67.25 -66.58,-66.70 -66.21,-66.06 -65.90,-65.37 -65.60,-64.57 -65.17,-64.18 -64.90,-63.63 -64.64,-63.00 -64.58,-62.04 -64.27,-61.41 -64.07,-60.71 -63.96,-59.89 -63.70,-59.16 -63.39,-58.59 -63.27,-57.81 -63.53,-57.22 -63.86,-57.60 -64.15,-58.61 -64.37,-59.05 -64.21,-59.79 -64.31,-60.61 -64.54,-61.30 -64.80,-62.02 -65.09,-62.51 -65.48,-62.65 -65.86,-62.59 -66.19,-62.12 -66.43,-62.81 -66.50,-63.75 -66.84,-64.29 -67.15,-64.88 -67.58,-65.51 -67.95,-65.67 -68.37,-65.31 -68.68,-64.78 -68.91,-63.96 -69.23,-63.20 -69.62,-62.79 -69.99,-62.57 -70.38,-62.28 -70.72,-61.81 -71.09,-61.51 -72.01,-61.38 -72.38,-61.08 -72.77,-61.00 -73.17,-60.69 -73.70,-60.83 -74.11,-61.38 -74.44,-61.96 -74.58,-63.30 -74.93,-63.75 -75.26,-64.35 -75.64,-65.86 -75.79,-67.19 -76.01,-68.45 -76.22,-69.80 -76.63,-70.60 -76.67,-72.21 -76.63,-73.97 -76.71,-75.56 -76.71,-77.24 -77.10,-76.93 -77.28,-75.40 -77.56,-74.28 -77.91,-73.66 -78.22,-74.77 -78.12,-76.50 -78.38,-77.93 -78.79,-77.98 -79.18,-78.02 -79.51,-76.85 -79.89,-76.63 -80.26,-75.36 -80.42,-73.24 -80.69,-71.44 -81.00,-70.01 -81.32,-68.19 -81.47,-65.70 -81.75,-63.26 -82.04,-61.55 -82.38,-59.69 -82.85,-58.71 -83.22,-58.22 -82.87,-57.01 -82.57,-55.36 -82.26,-53.62 -82.00,-51.54 -81.73,-49.76 -81.71,-47.27 -81.85,-44.83 -82.08,-42.81 -81.65,-42.16 -81.36,-40.77 -81.34,-38.24 -81.12,-36.27 -80.91,-34.39 -80.77,-32.31 -80.59,-30.10 -80.34,-28.55 -79.99,-29.25 -79.63,-29.69 -79.26,-29.69 -79.30,-31.62 -79.46,-33.68 -79.46,-35.64 -79.08,-35.91 -78.34,-35.78 -78.12,-35.33 -77.89,-33.90 -77.65,-32.21 -77.36,-31.00 -77.07,-29.78 -76.67,-28.88 -76.50,-27.51 -76.36,-26.16 -76.28,-25.47 -76.24,-23.93 -76.11,-22.46 -75.91,-21.22 -75.67,-20.01 -75.44,-18.91 -75.13,-17.52 -74.79,-16.64 -74.50,-15.70 -74.11,-15.41 -73.87,-16.47 -73.46,-16.11 -73.15,-15.45 -72.95,-14.41 -72.72,-13.31 -72.40,-12.29 -72.01,-11.51 -71.54,-11.02 -71.27,-10.30 -71.32,-9.10 -71.66,-8.61 -71.70,-7.42 -71.32,-7.38 -70.93,-6.87 -71.03,-5.79 -71.40,-5.54 -71.46,-4.34 -71.29,-3.05 -71.17,-1.80 -71.23,-0.66 -71.64,-0.23 -71.30,0.87 -71.13,1.89 -70.99,3.02 -70.85,4.14 -70.62,5.16 -70.46,6.27 -70.25,7.14 -69.89,7.74 -70.15,8.49 -70.01,9.53 -70.48,10.25 -70.83,10.82 -70.64,11.95 -70.25,12.40 -69.97,13.42 -70.03,14.73 -70.40,15.13 -70.03,15.95 -69.91,17.03 -69.87,18.20 -69.89,19.26 -70.01,20.38 -70.07,21.45 -70.40,21.92 -70.70,22.57 -70.52,23.67 -70.48,24.84 -70.48,25.98 -70.46,27.09 -70.32,28.09 -70.21,29.15 -69.93,30.03 -69.76,30.97 -69.66,31.99 -69.38,32.75 -68.84,33.30 -68.50,33.87 -68.66,34.91 -69.01,35.30 -69.25,36.16 -69.17,37.20 -69.52,37.91 -69.78,38.65 -69.54,39.67 -69.11,40.02 -68.93,40.92 -68.60,41.96 -68.46,42.94 -68.27,44.11 -68.05,44.90 -67.82,45.72 -67.60,46.50 -67.72,47.44 -67.37,48.34 -67.09,48.99 -67.11,49.93 -66.88,50.75 -66.52,50.95 -66.25,51.79 -66.05,52.61 -65.90,53.61 -65.82,54.53 -65.88,55.41 -65.97,56.36 -66.25,57.16 -66.68,57.26 -67.01,58.14 -67.29,58.74 -67.41,59.94 -67.68,60.61 -67.95,61.43 -68.01,62.39 -67.82,63.19 -67.41,64.05 -67.62,64.99 -67.74,65.97 -67.86,66.91 -67.93,67.89 -67.93,68.89 -68.97,69.71 -69.23,69.67 -69.68,69.56 -69.93,68.60 -70.31,67.81 -70.70,67.95 -70.68,69.07 -71.07,68.93 -71.44,68.42 -71.85,67.95 -72.17,68.71 -72.26,69.87 -72.09,71.02 -71.70,71.57 -71.32,71.91 -71.01,72.45 -70.72,73.08 -70.36,73.34 -69.87,73.86 -69.78,74.49 -69.74,75.63 -69.62,76.63 -69.46,77.64 -69.07,78.13 -68.70,78.43 -68.33,79.11 -68.07,80.09 -67.88,80.94 -67.54,81.48 -67.37,82.05 -67.21,82.78 -67.31,83.78 -67.21,84.68 -67.09,85.66 -67.15,86.75 -66.88,87.48 -66.21,87.99 -66.48,88.36 -66.95,88.83 -67.15,89.67 -67.23,90.63 -67.11,91.59 -67.19,92.61 -67.21,93.55 -67.11,94.18 -67.17,95.02 -67.39,95.78 -67.25,96.68 -67.25,97.76 -67.11,98.68 -67.25,99.72 -66.92,100.38 -66.58,100.89 -66.31,101.58 -65.56,102.83 -65.70,103.48 -65.97,104.24 -66.33,104.91 -66.93,106.18 -66.95,107.16 -66.95,108.08 -66.84,109.16 -66.70,110.24 -66.43,111.06 -66.13,111.74 -66.09,112.86 -65.88,113.60 -66.07,114.39 -66.39,114.90 -66.70,115.60 -66.66,116.70 -66.92,117.38 -67.17,118.58 -67.27,119.83 -67.19,120.87 -66.88,121.65 -66.56,122.32 -66.48,123.22 -66.62,124.12 -66.72,125.16 -66.56,126.10 -66.56,127.00 -66.66,127.88 -66.76,128.80 -66.58,129.70 -66.43,130.78 -66.39,131.80 -66.39,132.94 -66.29,133.86 -66.21,134.76 -65.72,135.03 -65.31,135.07 -65.58,135.70 -66.03,135.87 -66.45,136.21 -66.78,136.62 -66.95,137.46 -66.90,138.60 -66.88,139.91 -66.82,140.81 -66.82,142.12 -66.80,143.06 -66.84,144.37 -66.92,145.49 -67.23,146.20 -67.60,146.00 -67.90,146.65 -68.13,147.72 -68.39,148.84 -68.56,150.13 -68.72,151.48 -68.87,152.50 -68.89,153.64 -68.56,154.28 -68.84,155.17 -69.15,155.93 -69.38,156.81 -69.48,158.03 -69.60,159.18 -69.99,159.67 -70.23,160.81 -70.58,161.57 -70.74,162.69 -70.72,163.84 -70.78,164.92 -70.76,166.11 -70.83,167.31 -70.97,168.43 -71.21,169.46 -71.40,170.50 -71.70,171.21 -72.09,171.09 -72.44,170.56 -72.89,170.11 -73.24,169.76 -73.66,169.29 -73.81,167.98 -74.17,167.39 -74.38,166.09 -74.77,165.64 -75.15,164.96 -75.46,164.23 -75.87,163.82 -76.24,163.57 -76.69,163.47 -77.07,163.49 -77.46,164.06 -77.83,164.27 -78.18,164.74 -78.32,166.60 -78.75,167.00 -78.91,165.19 -79.12,163.67 -79.16,161.77 -79.73,160.92 -80.20,160.75 -80.57,160.32 -80.95,159.79 -81.28,161.12 -81.69,161.63 -82.06,162.49 -82.40,163.71 -82.71,165.10 -83.02,166.60 -83.34,168.90 -83.83,169.40 -84.04,172.28 -84.12,172.48 -84.41,173.22 -84.16,175.99 -84.47,178.28
N. Cyprus	35.22,33.69	35.14,32.73 35.15,32.80 35.39,32.95 35.37,33.67 35.67,34.58 35.25,33.90 35.06,33.97 35.09,33.87 35.02,33.68 35.04,33.53 35.00,33.48 35.10,33.46 35.16,33.38 35.17,33.19 35.09,32.92
Cyprus	34.91,33.08	35.14,32.73 35.09,32.92 35.17,33.19 35.16,33.38 35.10,33.46 35.00,33.48 35.04,33.53 35.02,33.68 35.09,33.87 35.06,33.97 34.98,34.00 34.57,32.98 34.70,32.49 35.10,32.26
Morocco	31.65,-7.19	35.17,-2.17 34.53,-1.79 33.92,-1.73 32.86,-1.39 32.65,-1.12 32.26,-1.31 32.09,-2.62 31.72,-3.07 31.64,-3.65 30.90,-3.69 30.50,-4.86 30.00,-5.24 29.73,-6.06 29.58,-7.06 28.84,-8.67 27.66,-8.67 27.66,-8.82 27.12,-8.79 27.09,-9.41 26.86,-9.74 26.86,-10.19 26.99,-10.55 26.88,-11.39 26.10,-11.72 26.03,-12.03 24.77,-12.50 23.69,-13.89 22.31,-14.22 21.86,-14.63 21.50,-14.75 21.42,-17.00 21.42,-17.02 21.89,-16.97 22.16,-16.59 22.68,-16.26 23.02,-16.33 23.72,-15.98 24.36,-15.43 24.52,-15.09 25.10,-14.82 25.64,-14.80 26.25,-14.44 26.62,-13.77 27.64,-13.14 27.65,-13.12 28.04,-12.62 28.15,-11.69 28.83,-10.90 29.10,-10.40 29.93,-9.56 31.18,-9.81 32.04,-9.43 32.56,-9.30 33.24,-8.66 33.70,-7.65 34.11,-6.91 35.15,-6.24 35.76,-5.93 35.76,-5.19 35.33,-4.59 35.40,-3.64 35.18,-2.60
Egypt	26.19,29.45	22.00,36.87 22.00,32.90 22.00,29.02 22.00,25.00 25.68,25.00 29.24,25.00 30.04,24.70 30.66,24.96 31.09,24.80 31.57,25.16 31.59,26.50 31.32,27.46 31.03,28.45 30.87,28.91 31.19,29.68 31.47,30.10 31.56,30.98 31.43,31.69 30.93,31.96 31.26,32.19 31.02,32.99 30.97,33.77 31.22,34.27 31.22,34.27 29.76,34.82 29.50,34.92 29.10,34.64 28.34,34.43 27.82,34.15 27.65,33.92 27.97,33.59 28.42,33.14 29.85,32.42 29.76,32.32 28.71,32.73 27.70,33.35 26.14,34.10 25.60,34.47 25.03,34.80 23.93,35.69 23.75,35.49 23.10,35.53 22.20,36.69
Libya	26.64,18.01	22.00,25.00 20.00,25.00 20.00,23.85 19.58,23.84 21.50,19.85 23.41,15.86 22.86,14.85 22.49,14.14 23.04,13.58 23.47,12.00 24.10,11.56 24.56,10.77 24.38,10.30 24.94,9.95 25.37,9.91 26.09,9.32 26.51,9.72 27.14,9.63 27.69,9.76 28.14,9.68 28.96,9.86 29.42,9.81 30.31,9.48 30.54,9.97 30.96,10.06 31.38,9.95 31.76,10.64 32.08,10.94 32.37,11.43 33.14,11.49 32.79,12.66 32.88,13.08 32.71,13.92 32.27,15.25 31.38,15.71 31.18,16.61 30.76,18.02 30.27,19.09 30.53,19.57 30.99,20.05 31.75,19.82 32.24,20.13 32.71,20.85 32.84,21.54 32.64,22.90 32.19,23.24 32.19,23.61 32.02,23.93 31.90,24.92 31.57,25.16 31.09,24.80 30.66,24.96 30.04,24.70 29.24,25.00 25.68,25.00
Ethiopia	8.03,39.09	8.00,47.79 5.00,44.96 4.96,43.66 4.25,42.77 4.23,42.13 3.92,41.86 3.92,41.17 4.26,40.77 3.84,39.85 3.42,39.56 3.50,38.89 3.62,38.67 3.59,38.44 3.60,38.12 4.45,36.86 4.45,36.16 4.78,35.82 5.34,35.82 5.51,35.30 6.59,34.71 6.83,34.25 7.23,34.08 7.71,33.57 7.78,32.95 8.35,33.29 8.38,33.83 8.68,33.97 9.58,33.96 10.63,34.26 10.91,34.73 11.32,34.83 12.08,35.26 12.58,35.86 13.56,36.27 14.42,36.43 14.21,37.59 14.96,37.91 14.51,38.51 14.74,39.10 14.53,39.34 14.52,40.03 14.12,40.90 13.77,41.16 13.45,41.60 12.87,42.01 12.54,42.35 12.10,42.00 11.63,41.66 11.36,41.74 11.05,41.76 11.03,42.31 11.11,42.55 10.93,42.78 10.57,42.56 10.02,42.93 9.54,43.30 9.18,43.68 8.00,46.95
Djibouti	11.98,42.50	12.54,42.35 12.46,42.78 12.70,43.08 12.39,43.32 11.97,43.29 11.74,42.72 11.46,43.15 10.93,42.78 11.11,42.55 11.03,42.31 11.05,41.76 11.36,41.74 11.63,41.66 12.10,42.00
Somaliland	9.44,46.73	11.41,48.95 11.41,48.95 11.39,48.94 10.98,48.94 9.97,48.94 9.45,48.94 8.84,48.49 8.00,47.79 8.00,46.95 9.18,43.68 9.54,43.30 10.02,42.93 10.57,42.56 10.93,42.78 11.46,43.15 11.28,43.47 10.86,43.67 10.45,44.12 10.44,44.61 10.70,45.56 10.82,46.65 11.13,47.53 11.19,48.02 11.38,48.38 11.41,48.95
Uganda	1.97,32.95	-0.95,33.90 -1.03,31.87 -1.01,30.77 -1.13,30.42 -1.44,29.82 -1.34,29.58 -0.59,29.59 -0.21,29.82 0.60,29.88 1.06,30.09 1.58,30.47 1.85,30.85 2.20,31.17 2.34,30.77 3.51,30.83 3.51,30.83 3.78,31.25 3.56,31.88 3.79,32.69 3.79,33.39 4.25,34.01 3.56,34.48 3.05,34.60 1.91,35.04 1.18,34.67 0.52,34.18 0.11,33.89
Rwanda	-1.90,30.10	-1.13,30.42 -1.70,30.82 -2.29,30.76 -2.41,30.47 -2.41,30.47 -2.35,29.94 -2.92,29.63 -2.84,29.02 -2.29,29.12 -2.22,29.25 -1.62,29.29 -1.34,29.58 -1.44,29.82
Bosnia and Herz.	44.09,18.07	42.65,18.56 43.03,17.67 43.45,17.30 43.67,16.92 44.04,16.46 44.35,16.24 44.82,15.75 45.23,15.96 45.00,16.32 45.21,16.53 45.23,17.00 45.07,17.86 45.08,18.55 44.86,19.01 44.86,19.01 44.86,19.37 44.42,19.12 44.04,19.60 43.57,19.45 43.52,19.22 43.43,19.03 43.20,18.71
North Macedonia	41.56,21.56	42.32,22.38 42.00,22.88 41.34,22.95 41.30,22.76 41.13,22.60 41.15,22.06 40.93,21.67 40.84,21.02 41.09,20.61 41.52,20.46 41.86,20.59 41.86,20.59 41.85,20.72 42.05,20.76 42.21,21.35 42.25,21.58 42.30,21.92
Serbia	44.19,20.79	45.91,18.83 45.91,18.83 46.17,19.60 46.13,20.22 45.73,20.76 45.42,20.87 45.18,21.48 44.77,21.56 44.48,22.15 44.70,22.46 44.58,22.71 44.41,22.47 44.23,22.66 44.01,22.41 43.64,22.50 43.21,22.99 42.90,22.60 42.58,22.44 42.46,22.55 42.32,22.38 42.30,21.92 42.25,21.58 42.32,21.54 42.44,21.66 42.68,21.78 42.68,21.63 42.86,21.44 42.91,21.27 43.07,21.14 43.13,20.96 43.27,20.81 43.22,20.64 42.88,20.50 42.81,20.26 42.90,20.34 43.11,19.96 43.21,19.63 43.35,19.48 43.52,19.22 43.57,19.45 44.04,19.60 44.42,19.12 44.86,19.37 44.86,19.01 44.86,19.01 45.24,19.39 45.52,19.07
Montenegro	42.80,19.14	42.59,20.07 42.50,19.80 42.69,19.74 42.20,19.30 41.88,19.37 41.96,19.16 42.28,18.88 42.48,18.45 42.65,18.56 43.20,18.71 43.43,19.03 43.52,19.22 43.35,19.48 43.21,19.63 43.11,19.96 42.90,20.34 42.81,20.26
Kosovo	42.59,20.86	41.86,20.59 42.22,20.52 42.32,20.28 42.59,20.07 42.81,20.26 42.88,20.50 43.22,20.64 43.27,20.81 43.13,20.96 43.07,21.14 42.91,21.27 42.86,21.44 42.68,21.63 42.68,21.78 42.44,21.66 42.32,21.54 42.25,21.58 42.21,21.35 42.05,20.76 41.85,20.72
Trinidad and Tobago	11.00,-60.92	10.76,-61.68 10.89,-61.10 10.86,-60.90 10.11,-60.94 10.00,-61.77 10.09,-61.95 10.37,-61.66
S. Sudan	7.23,30.39	3.51,30.83 4.17,29.95 4.60,29.72 4.39,29.16 4.46,28.70 4.29,28.43 4.41,27.98 5.23,27.37 5.55,27.21 5.95,26.47 6.55,26.21 6.98,25.80 7.50,25.12 7.83,25.11 8.23,24.57 8.62,23.89 8.73,24.19 8.92,24.54 9.81,24.79 10.27,25.07 10.41,25.79 10.14,25.96 9.55,26.48 9.47,26.75 9.64,27.11 9.60,27.83 9.40,27.97 9.40,28.97 9.60,29.00 9.79,29.52 10.08,29.62 10.29,30.00 9.71,30.84 9.81,31.35 10.53,31.85 11.08,32.40 11.68,32.31 11.97,32.07 12.02,32.67 12.25,32.74 12.18,33.21 11.44,33.09 10.72,33.21 10.33,33.72 9.98,33.84 9.48,33.82 9.46,33.96 8.68,33.97 8.38,33.83 8.35,33.29 7.78,32.95 7.71,33.57 7.23,34.08 6.83,34.25 6.59,34.71 5.51,35.30 4.85,34.62 4.25,34.01 3.79,33.39 3.79,32.69 3.56,31.88 3.78,31.25
